regcode,provcode,hhnum,member_code,agemos,current_fd_recall2,ever_bf2,ynotbf,duration_bf,colostrum,water,h2osug,am,juice,soup,othliq,solid,psurec,strrec,wgts
41,58,6249,5,0.85420942,6,0,5,99,9,99,99,99,99,99,99,99,5540,12020,3273.3799
3,54,1183,8,0.95277202,6,0,8,99,9,99,99,99,99,99,99,99,3325,25201,3448
13,74,4542,12,1.2484599,6,0,2,99,9,99,99,99,99,99,99,99,14655,12073,5115.8198
41,21,5956,4,1.7741272,6,0,88,99,9,99,99,99,99,99,99,99,4709,26124,3788.9099
41,34,5988,6,2.2997947,6,0,2,99,9,99,99,99,99,99,99,99,4791,11007,2329.04
5,5,1432,7,2.989733,6,0,2,99,9,99,99,99,99,99,99,99,6537,21311,2675.8
7,22,2488,6,3.0882959,6,0,8,99,9,99,99,99,99,99,99,99,9588,23124,2999.98
10,42,3529,8,3.0882959,6,0,5,99,9,99,99,99,99,99,99,99,12469,21110,2376
14,1,4933,10,3.1868584,6,0,2,99,9,99,99,99,99,99,99,99,15078,22213,1183.49
9,73,3263,9,3.2525668,6,0,2,99,9,99,99,99,99,99,99,99,11727,10004,2049.9399
2,31,575,7,3.5482545,6,0,1,99,9,99,99,99,99,99,99,99,1547,24214,2032
41,21,5972,5,3.8439424,6,0,2,99,9,99,99,99,99,99,99,99,4746,25125,3784.6599
9,73,3224,12,3.9425049,6,0,3,99,9,99,99,99,99,99,99,99,11624,22108,2378.3201
9,73,3259,7,4.2710476,6,0,1,99,9,99,99,99,99,99,99,99,11721,21211,2378.3201
12,80,4235,3,4.3039017,6,0,2,99,9,99,99,99,99,99,99,99,14007,21115,2164
41,21,5975,5,4.3367558,6,0,2,99,9,99,99,99,99,99,99,99,4760,25236,3782.54
13,74,4514,4,4.4681726,6,0,1,99,9,99,99,99,99,99,99,99,14615,12030,2228.6399
12,63,4065,5,4.9938397,7,0,5,99,9,99,99,99,99,99,99,99,13677,21004,2166
41,56,6182,11,5.3880906,7,0,3,99,9,99,99,99,99,99,99,99,5268,21112,3780.1001
3,14,911,3,5.4537988,7,0,2,99,9,99,99,99,99,99,99,99,2390,23120,3452
13,75,4751,3,5.5523615,6,0,1,99,9,99,99,99,99,99,99,99,14845,13040,1503.88
1,55,275,7,5.6837783,7,0,5,99,9,99,99,99,99,99,99,99,828,22120,2620
3,49,1080,7,6.2751541,6,0,2,99,9,99,99,99,99,99,99,99,3012,23223,3458
13,76,4857,8,6.5051336,7,0,4,99,9,99,99,99,99,99,99,99,14951,21012,3382
5,17,1500,3,6.9979463,7,0,6,99,9,99,99,99,99,99,99,99,6684,21220,2674
16,2,5429,4,7.2607803,7,0,2,99,9,99,99,99,99,99,99,99,16131,22214,1550
13,74,4481,5,7.2936344,7,0,1,99,9,99,99,99,99,99,99,99,14578,12038,5754.5801
3,54,1193,5,7.4907598,7,0,2,99,9,99,99,99,99,99,99,99,3325,25201,3448
13,74,4544,6,7.5236139,7,0,1,99,9,99,99,99,99,99,99,99,14655,12073,5115.8198
8,37,2859,4,7.8850098,7,0,4,99,9,99,99,99,99,99,99,99,10726,22016,2260
3,54,1178,2,7.983573,7,0,4,99,9,99,99,99,99,99,99,99,3323,23202,3448
13,74,4411,5,8.1149902,6,0,2,99,9,99,99,99,99,99,99,99,14527,12068,2850.71
13,74,4598,4,8.2792606,7,0,88,99,9,99,99,99,99,99,99,99,14667,12020,1055.5
13,75,4807,4,8.3449697,7,0,2,99,9,99,99,99,99,99,99,99,14870,22007,3388
13,75,4656,3,8.6078033,7,0,5,99,9,99,99,99,99,99,99,99,14764,25016,3385.98
41,10,5791,3,8.6406574,10,0,4,99,9,99,99,99,99,99,99,99,4121,23214,3562
41,34,6025,3,8.9691992,7,0,2,99,9,99,99,99,99,99,99,99,4845,21407,3560
42,53,6623,5,9.0677624,10,0,2,99,9,99,99,99,99,99,99,99,6099,10002,842.03998
42,53,6604,12,9.2977409,7,0,2,99,9,99,99,99,99,99,99,99,6093,22102,1766
13,74,4456,3,9.4620123,7,0,3,99,9,99,99,99,99,99,99,99,14561,12043,1049.4399
41,21,5886,6,9.5605755,7,0,2,99,9,99,99,99,99,99,99,99,4423,22130,3566
5,62,1772,4,9.6262836,6,0,2,99,9,99,99,99,99,99,99,99,7443,21206,2674
1,55,232,8,9.7248459,7,0,8,99,9,99,99,99,99,99,99,99,728,27301,2629.98
3,54,1097,6,9.790554,7,0,2,99,9,99,99,99,99,99,99,99,3057,21010,3450
13,76,4849,4,10.250513,7,0,2,99,9,99,99,99,99,99,99,99,14933,11032,2729.78
13,75,4637,5,10.513347,7,0,2,99,9,99,99,99,99,99,99,99,14727,22003,3385.98
13,76,4891,7,10.710472,10,0,8,99,9,99,99,99,99,99,99,99,15046,11036,3173.3
42,53,6653,4,10.907598,7,0,4,99,9,99,99,99,99,99,99,99,6151,22203,1764
8,64,3050,7,11.071869,7,0,2,99,9,99,99,99,99,99,99,99,11238,23006,2256
3,49,1014,9,11.071869,7,0,5,99,9,99,99,99,99,99,99,99,2737,21225,3454
3,8,802,7,11.301848,7,0,5,99,9,99,99,99,99,99,99,99,2119,21115,3460
8,48,2924,9,12.024641,7,0,2,99,9,99,99,99,99,99,99,99,10899,21126,2256
13,76,4896,5,12.024641,10,0,2,99,9,99,99,99,99,99,99,99,15049,11009,1991.74
3,54,1150,5,12.123203,7,0,5,99,9,99,99,99,99,99,99,99,3301,24103,3460
41,21,5941,9,12.188911,7,0,3,99,9,99,99,99,99,99,99,99,4707,27125,3797.4099
13,76,4854,6,12.550308,7,0,2,99,9,99,99,99,99,99,99,99,14945,11018,3835.72
15,36,5207,9,12.845996,8,0,8,99,9,99,99,99,99,99,99,99,15419,22220,1871.98
41,21,5936,3,13.043121,7,0,2,99,9,99,99,99,99,99,99,99,4698,21202,3570
3,8,801,5,13.207392,7,0,5,99,9,99,99,99,99,99,99,99,2119,21115,3460
3,54,1214,5,13.305956,7,0,7,99,9,99,99,99,99,99,99,99,3365,24211,3448
3,54,1190,7,13.371663,7,0,8,99,9,99,99,99,99,99,99,99,3325,25201,3448
13,76,4845,11,13.371663,10,0,1,99,9,99,99,99,99,99,99,99,14934,11045,2566.9199
13,74,4392,3,13.50308,7,0,3,99,9,99,99,99,99,99,99,99,14514,21012,3390
3,71,1340,5,13.995893,7,0,1,99,9,99,99,99,99,99,99,99,3705,23038,3456
12,80,4231,8,14.390144,8,0,1,99,9,99,99,99,99,99,99,99,13995,22108,2174
1,55,270,6,14.587269,7,0,5,99,9,99,99,99,99,99,99,99,825,22332,2631.98
42,59,6698,7,14.784395,7,0,2,99,9,99,99,99,99,99,99,99,6253,22102,1771.98
13,75,4767,5,14.784395,10,0,2,99,9,99,99,99,99,99,99,99,14849,13045,3079.0801
3,54,1148,6,14.784395,7,0,2,99,9,99,99,99,99,99,99,99,3301,24103,3460
12,63,4123,3,14.817247,10,0,1,99,9,99,99,99,99,99,99,99,13713,22220,2164
13,74,4593,5,14.882957,7,0,2,99,9,99,99,99,99,99,99,99,14667,12020,1055.5
1,55,288,3,14.948665,10,0,4,99,9,99,99,99,99,99,99,99,851,25230,2629.98
13,74,4505,5,14.98152,7,0,3,99,9,99,99,99,99,99,99,99,14615,12030,2228.6399
41,21,5946,5,15.080082,10,0,88,99,9,99,99,99,99,99,99,99,4707,27125,3797.4099
5,5,1434,7,15.507187,7,0,3,99,9,99,99,99,99,99,99,99,6537,21311,2675.8
5,17,1640,5,15.77002,7,0,8,99,9,99,99,99,99,99,99,99,7102,23105,2679.98
7,22,2472,6,15.802875,7,0,2,99,9,99,99,99,99,99,99,99,9534,21104,3002
41,21,5829,6,15.802875,7,0,2,99,9,99,99,99,99,99,99,99,4306,24220,3570
11,24,3809,9,16,7,0,3,99,9,99,99,99,99,99,99,99,13067,12013,4403.7402
13,74,4597,7,16.032854,7,0,2,99,9,99,99,99,99,99,99,99,14667,12020,1055.5
42,59,6666,7,16.22998,7,0,88,99,9,99,99,99,99,99,99,99,6219,21117,1772
41,21,5971,5,17.01848,7,0,88,99,9,99,99,99,99,99,99,99,4746,25125,3784.6599
3,8,808,3,17.215607,10,0,3,99,9,99,99,99,99,99,99,99,2119,21115,3460
3,49,997,7,17.215607,10,0,2,99,9,99,99,99,99,99,99,99,2664,21118,3456
12,63,4076,4,17.609856,7,0,1,99,9,99,99,99,99,99,99,99,13678,10008,2065.28
5,17,1623,8,17.839836,10,0,2,99,9,99,99,99,99,99,99,99,7047,21116,2681.98
5,17,1623,7,17.839836,10,0,2,99,9,99,99,99,99,99,99,99,7047,21116,2681.98
1,55,232,10,17.938398,10,0,2,99,9,99,99,99,99,99,99,99,728,27301,2629.98
3,14,853,7,18.102669,10,0,2,99,9,99,99,99,99,99,99,99,2212,22318,3464
3,69,1241,3,18.168379,7,0,6,99,9,99,99,99,99,99,99,99,3446,22132,3472
13,74,4495,3,18.201231,10,0,2,99,9,99,99,99,99,99,99,99,14602,12056,2086.78
42,52,6535,3,18.299795,7,0,4,99,9,99,99,99,99,99,99,99,5912,22313,1876.49
13,75,4627,9,18.332649,7,0,2,99,9,99,99,99,99,99,99,99,14727,22003,3385.98
41,56,6159,3,18.759754,7,0,5,99,9,99,99,99,99,99,99,99,5245,23213,3777.98
7,22,2483,3,19.186859,10,0,8,99,9,99,99,99,99,99,99,99,9588,23124,2999.98
13,74,4514,3,19.5154,7,0,1,99,9,99,99,99,99,99,99,99,14615,12030,2228.6399
41,58,6375,5,19.548254,7,0,2,99,9,99,99,99,99,99,99,99,5644,12003,1281.62
3,71,1305,6,19.613964,10,0,2,99,9,99,99,99,99,99,99,99,3664,21038,3454
12,65,4200,5,19.778234,8,0,2,99,9,99,99,99,99,99,99,99,13848,22101,2170
41,58,6249,4,19.975359,10,0,2,99,9,99,99,99,99,99,99,99,5540,12020,3273.3799
13,76,4831,5,20.008213,8,0,2,99,9,99,99,99,99,99,99,99,14916,11039,5020.3398
3,14,825,3,20.336756,7,0,2,99,9,99,99,99,99,99,99,99,2175,24120,3448
11,82,3905,5,20.59959,7,0,1,99,9,99,99,99,99,99,99,99,13361,22405,2384
3,54,1193,4,20.632442,8,0,2,99,9,99,99,99,99,99,99,99,3325,25201,3448
41,21,5978,3,20.665298,7,0,3,99,9,99,99,99,99,99,99,99,4760,25236,3782.54
13,74,4559,10,21.420944,7,0,2,99,9,99,99,99,99,99,99,99,14666,12066,936.62
13,76,4887,7,21.716633,10,0,2,99,9,99,99,99,99,99,99,99,15040,21003,1692
8,60,3027,13,0,1,1,99,77,1,99,99,99,99,99,99,99,11158,23211,2265.98
1,28,10,4,0.032854211,1,1,99,77,1,99,99,99,99,99,99,99,17,22128,2636
3,49,1069,9,0.065708421,2,1,99,77,0,0,99,99,99,99,99,99,2991,25237,3460
15,38,5263,13,0.065708421,1,1,99,77,1,99,99,99,99,99,99,99,15676,23116,1876
9,83,3313,4,0.098562628,1,1,99,77,1,99,99,99,99,99,99,99,11936,21220,2450.6499
2,31,681,9,0.16427104,4,1,99,77,1,99,99,99,99,99,99,99,1792,25219,2034
16,3,5549,10,0.16427104,1,1,99,77,1,99,99,99,99,99,99,99,16327,10008,1057.5601
6,45,2164,5,0.16427104,1,1,99,77,0,99,99,99,99,99,99,99,8731,24416,2978
2,15,547,5,0.16427104,1,1,99,77,0,99,99,99,99,99,99,99,1456,24318,2024
42,52,6498,10,0.19712526,1,1,99,77,1,99,99,99,99,99,99,99,5848,23106,1865.92
12,63,4086,4,0.19712526,4,1,99,77,1,99,99,99,99,99,99,99,13681,22004,2172
11,25,3850,3,0.22997946,1,1,99,77,0,99,99,99,99,99,99,99,13228,22307,2384
3,54,1094,6,0.22997946,4,1,99,77,1,99,99,99,99,99,99,99,3057,21010,3450
13,74,4551,4,0.26283368,4,1,99,77,1,99,99,99,99,99,99,99,14666,12066,468.31
8,26,2767,4,0.26283368,1,1,99,77,1,99,99,99,99,99,99,99,10401,22109,2260
11,23,3627,8,0.26283368,1,1,99,77,1,99,99,99,99,99,99,99,12864,21101,2379.98
5,17,1598,10,0.29568788,1,1,99,77,1,99,99,99,99,99,99,99,6959,21017,2675.98
8,64,3050,6,22.308008,7,0,2,99,9,99,99,99,99,99,99,99,11238,23006,2256
6,45,2175,4,0.32854208,4,1,99,77,0,0,99,99,99,99,99,99,8757,23323,2978
41,34,6078,6,0.32854208,2,1,99,77,1,0,99,99,99,99,99,99,4971,24326,3576
14,81,5161,10,0.36139631,1,1,99,77,1,99,99,99,99,99,99,99,15348,22013,1102
41,10,5719,7,0.36139631,4,1,99,77,1,0,33,99,99,99,99,99,3921,21303,3560
9,73,3208,8,0.36139631,1,1,99,77,1,99,99,99,99,99,99,99,11545,23118,2378.3201
41,10,5719,6,0.36139631,4,1,99,77,1,0,33,99,99,99,99,99,3921,21303,3560
1,33,150,7,0.39425051,2,1,99,77,1,0,99,99,99,99,99,99,497,21109,2640
10,43,3559,4,0.39425051,4,1,99,77,1,99,99,99,99,99,99,99,12589,10003,4952.2798
6,45,2113,4,0.39425051,4,1,99,77,1,0,99,99,99,99,99,99,8607,21218,2974
15,36,5207,10,0.42710471,1,1,99,77,1,99,99,99,99,99,99,99,15419,22220,1871.98
15,36,5229,12,0.42710471,4,1,99,77,1,99,99,99,99,99,99,99,15569,21312,1876
1,55,179,5,0.42710471,1,1,99,77,1,99,99,99,99,99,99,99,580,23315,2629.98
5,41,1677,5,0.45995891,4,1,99,77,1,0,99,99,99,99,99,99,7202,22122,2676
8,48,2953,10,0.45995891,1,1,99,77,1,99,99,99,99,99,99,99,10954,22214,2261.98
14,1,4916,3,22.472279,8,0,2,99,9,99,99,99,99,99,99,99,15061,21107,1185.61
42,51,6453,5,0.49281311,1,1,99,77,1,99,99,99,99,99,99,99,5777,21201,1759.98
1,33,136,5,0.49281311,1,1,99,77,1,99,99,99,99,99,99,99,448,22219,2626
2,31,709,7,0.49281311,1,1,99,77,0,99,99,99,99,99,99,99,1852,21013,2032
3,49,990,4,0.52566737,4,1,99,77,1,99,99,99,99,99,99,99,2664,21118,3456
3,49,990,3,0.52566737,1,1,99,77,1,99,99,99,99,99,99,99,2664,21118,3456
13,39,4320,10,0.52566737,4,1,99,77,1,99,99,99,99,99,99,99,14120,13015,2498.1799
9,72,3141,5,0.55852157,1,1,99,77,1,99,99,99,99,99,99,99,11418,24212,2260
11,23,3685,4,0.59137577,1,1,99,77,1,99,99,99,99,99,99,99,12901,23616,2386
8,26,2735,7,0.59137577,1,1,99,77,1,99,99,99,99,99,99,99,10292,22217,2272
11,24,3720,3,0.62422997,1,1,99,77,1,99,99,99,99,99,99,99,12978,23504,2392
12,63,4091,7,0.65708417,4,1,99,77,1,0,99,99,99,99,99,99,13681,22004,2172
11,24,3703,5,0.68993843,4,1,99,77,1,99,99,99,99,99,99,99,12961,12007,4140.48
3,8,807,3,0.72279263,2,1,99,77,0,0,99,99,99,99,99,99,2119,21115,3460
6,19,1878,4,0.72279263,1,1,99,77,1,99,99,99,99,99,99,99,7793,21206,2974
1,55,338,6,0.75564682,4,1,99,77,1,99,99,99,99,99,99,99,1044,26107,2642
7,22,2512,3,0.75564682,4,1,99,77,1,99,99,99,99,99,99,99,9678,21104,3000
8,26,2757,5,0.78850102,1,1,99,77,1,99,99,99,99,99,99,99,10401,22109,2260
3,49,987,7,0.82135522,4,1,99,77,1,99,99,99,99,99,99,99,2675,24205,3454
13,75,4635,4,0.82135522,1,1,99,77,1,99,99,99,99,99,99,99,14727,22003,3385.98
14,81,5163,6,0.82135522,1,1,99,77,1,99,99,99,99,99,99,99,15348,22013,1102
7,12,2331,5,0.85420942,1,1,99,77,0,99,99,99,99,99,99,99,9267,24222,3005.98
16,2,5454,3,0.91991782,4,1,99,77,1,0,99,99,99,99,99,99,16115,21209,1552
10,13,3398,16,0.95277202,1,1,99,77,1,99,99,99,99,99,99,99,12165,23103,2383.98
15,38,5252,5,0.95277202,1,1,99,77,1,99,99,99,99,99,99,99,15676,23116,1876
3,54,1127,7,0.95277202,4,1,99,77,1,99,99,99,99,99,99,99,3108,22221,3456
7,22,2483,4,0.98562622,2,1,99,77,1,0,33,99,99,99,99,99,9588,23124,2999.98
10,42,3544,3,1.1170431,1,1,99,77,1,99,99,99,99,99,99,99,12538,21327,2370
42,59,6685,4,1.1498973,1,1,99,77,1,99,99,99,99,99,99,99,6232,22204,1765.98
6,45,2137,9,1.1498973,1,1,99,77,1,99,99,99,99,99,99,99,8662,24122,2978
3,49,986,4,1.1827515,1,1,99,77,1,99,99,99,99,99,99,99,2675,24205,3454
3,14,878,5,1.1827515,4,1,99,77,1,1,99,99,99,99,99,99,2293,22417,3458
13,75,4667,6,1.2484599,4,1,99,77,1,0,99,99,99,99,99,99,14805,13020,1023.58
13,75,4715,6,23.26078,10,0,2,99,9,99,99,99,99,99,99,99,14832,21002,3386
13,74,4404,3,1.2813141,4,1,99,77,0,99,99,99,99,99,99,99,14527,12068,2850.71
41,56,6168,4,23.293634,10,0,2,99,9,99,99,99,99,99,99,99,5268,21112,3780.1001
6,6,1862,5,1.3141683,1,1,99,77,1,99,99,99,99,99,99,99,7703,23013,2988
8,37,2811,7,1.3470227,1,1,99,77,1,99,99,99,99,99,99,99,10574,26124,2254
16,67,5580,5,1.3470227,1,1,99,77,1,99,99,99,99,99,99,99,16359,22119,1556
1,29,71,3,23.359343,7,0,4,99,9,99,99,99,99,99,99,99,292,22224,2644
7,46,2673,3,1.3798769,1,1,99,77,1,99,99,99,99,99,99,99,10019,22216,3002
15,70,5396,4,1.3798769,1,1,99,77,1,99,99,99,99,99,99,99,16012,21113,1875.98
10,13,3397,4,1.4127311,1,1,99,77,1,99,99,99,99,99,99,99,12165,23103,2383.98
13,39,4279,5,1.4127311,2,1,99,77,0,1,99,99,99,99,99,99,14098,21214,3385.98
11,24,3817,3,1.4455853,2,1,99,77,1,0,99,99,99,99,99,99,13071,22314,2396
7,22,2494,8,1.4455853,4,1,99,77,1,99,99,99,99,99,99,99,9638,21302,2991.98
7,22,2383,7,1.5112936,2,1,99,77,1,1,99,99,99,99,99,99,9409,26232,2999.98
12,65,4197,7,1.5112936,2,1,99,77,1,1,99,99,99,99,99,99,13848,22101,2170
10,13,3416,10,1.544148,4,1,99,77,1,0,99,99,99,99,99,99,12182,10011,2647.6599
41,56,6210,5,1.544148,1,1,99,77,1,99,99,99,99,99,99,99,5357,22207,3784.3301
6,30,1970,3,23.556469,10,0,5,99,9,99,99,99,99,99,99,99,8214,22004,2978
14,81,5167,5,1.6427104,1,1,99,77,1,99,99,99,99,99,99,99,15348,22013,1102
41,56,6188,7,1.6427104,5,1,99,77,1,0,0,99,99,99,99,99,5305,21008,3775.8601
7,22,2414,7,1.6755648,1,1,99,77,1,99,99,99,99,99,99,99,9425,26134,2992
14,44,5140,4,1.7084188,4,1,99,77,1,99,99,99,99,99,99,99,15397,23005,1098
3,49,1031,4,1.7741272,1,1,99,77,1,99,99,99,99,99,99,99,2909,26221,3452
2,31,707,8,1.7741272,1,1,99,77,1,99,99,99,99,99,99,99,1852,21013,2032
3,49,1033,8,1.7741272,1,1,99,77,1,99,99,99,99,99,99,99,2909,26221,3452
11,82,3923,8,23.819302,7,0,5,99,9,99,99,99,99,99,99,99,13394,21112,2394
13,75,4635,3,23.852158,10,0,5,99,9,99,99,99,99,99,99,99,14727,22003,3385.98
41,21,5905,8,1.87269,1,1,99,77,1,99,99,99,99,99,99,99,4535,21112,3564
10,43,3570,10,1.87269,1,1,99,77,1,99,99,99,99,99,99,99,12634,23104,2372
2,57,772,5,1.87269,5,1,99,77,1,0,0,99,99,99,99,99,2036,21015,2024
9,72,3171,5,1.87269,2,1,99,77,1,0,99,99,99,99,99,99,11490,25206,2258
13,75,4750,5,1.905544,1,1,99,77,1,99,99,99,99,99,99,99,14845,13040,1503.88
11,23,3633,5,1.905544,2,1,99,77,1,0,99,99,99,99,99,99,12854,22305,2394
11,24,3699,4,1.905544,4,1,99,77,1,99,99,99,99,99,99,99,12907,21213,2379.98
15,66,5361,8,1.9712524,4,1,99,77,1,99,99,99,99,99,99,99,15869,22208,1881.98
12,47,3975,6,1.9712524,1,1,99,77,1,99,99,99,99,99,99,99,13488,22207,2170
15,66,5361,9,1.9712524,4,1,99,77,1,99,99,99,99,99,99,99,15869,22208,1881.98
15,66,5358,13,2.0041068,3,1,99,77,1,99,99,99,99,99,99,2,15859,23206,1876
5,5,1401,3,2.0041068,1,1,99,77,0,99,99,99,99,99,99,99,6392,23216,2678
5,5,1368,3,2.1026695,1,1,99,77,1,99,99,99,99,99,99,99,6317,21227,2674
15,38,5307,7,2.1026695,1,1,99,77,1,99,99,99,99,99,99,99,15761,23213,1883.98
14,11,4994,6,2.1355238,4,1,99,77,1,0,99,99,99,99,99,99,15132,21205,1100
1,33,113,4,2.201232,2,1,99,77,1,1,99,99,99,99,99,99,371,22117,2646
6,45,2176,7,2.2340863,4,1,99,77,1,0,99,99,99,99,99,99,8757,23323,2978
5,41,1703,5,2.2669406,1,1,99,77,1,99,99,99,99,99,99,99,7295,23206,2676
8,60,3029,5,2.2669406,1,1,99,77,1,99,99,99,99,99,99,99,11158,23211,2265.98
8,37,2919,9,2.2997947,1,1,99,77,1,99,99,99,99,99,99,99,10820,21113,2260
14,32,5091,9,2.2997947,2,1,99,77,1,2,99,99,99,99,99,99,15303,21004,1098
42,51,6443,9,2.3326488,1,1,99,77,0,99,99,99,99,99,99,99,5768,21313,1766
15,7,5191,6,2.3655031,2,1,99,77,1,1,99,99,99,99,99,99,16079,21123,1878
6,30,2016,5,2.3983574,2,1,99,77,1,2,99,99,99,99,99,99,8330,25130,2986
42,53,6647,5,2.4312115,4,1,99,77,1,99,99,99,99,99,99,99,6151,22203,1764
11,24,3749,8,2.4312115,4,1,99,77,1,1,99,99,99,99,99,99,12993,12003,2666.8601
5,17,1626,4,2.4640656,4,1,99,77,1,99,99,99,99,99,99,99,7047,21116,2681.98
16,67,5579,5,2.4640656,1,1,99,77,1,99,99,99,99,99,99,99,16359,22119,1556
16,67,5614,3,2.4969199,2,1,99,77,1,2,99,99,99,99,99,99,16443,21203,1548
5,62,1765,6,2.5954823,1,1,99,77,1,99,99,99,99,99,99,99,7443,21206,2674
13,74,4413,4,2.661191,1,1,99,77,1,99,99,99,99,99,99,99,14536,12024,4406.5898
11,24,3780,5,2.6940453,4,1,99,77,1,1,99,99,99,99,99,99,13012,21209,2384
16,2,5459,13,2.7268994,2,1,99,77,1,2,99,99,99,99,99,99,16197,21211,1552
15,38,5238,4,2.7268994,1,1,99,77,1,99,99,99,99,99,99,99,15671,25115,1878
8,64,3065,8,2.7268994,2,1,99,77,1,1,99,99,99,99,99,99,11274,21020,2264
42,40,6406,4,2.7268994,1,1,99,77,1,99,99,99,99,99,99,99,5675,21003,1767.98
2,15,464,5,2.7597537,1,1,99,77,1,99,99,99,99,99,99,99,1330,23208,2032
7,12,2337,6,2.8254621,1,1,99,77,1,99,99,99,99,99,99,99,9267,24222,3005.98
5,41,1711,5,2.8254621,1,1,99,77,1,99,99,99,99,99,99,99,7306,23111,2673.98
41,10,5790,3,2.9240246,3,1,99,77,1,2,99,99,99,99,99,2,4121,23214,3562
6,4,1825,5,2.989733,2,1,99,77,1,1,99,99,99,99,99,99,7501,21022,2986
2,15,440,5,3.0225873,4,1,99,77,1,1,99,99,99,99,99,99,1305,22117,2024
12,63,4029,5,3.0882959,1,1,99,77,1,99,99,99,99,99,99,99,13666,23302,2173.98
8,60,2986,6,3.1868584,1,1,99,77,1,99,99,99,99,99,99,99,11029,22132,2264
3,49,1005,4,3.2197127,1,1,99,77,0,99,99,99,99,99,99,99,2728,24128,3458
7,22,2465,5,3.2197127,2,1,99,77,0,1,99,99,99,99,99,99,9550,22219,3003.98
12,63,4092,6,3.2197127,4,1,99,77,1,1,99,99,99,99,99,99,13681,22004,2172
42,53,6642,4,3.2854209,1,1,99,77,1,99,99,99,99,99,99,99,6130,24214,1765.98
1,28,3,10,3.2854209,1,1,99,77,1,99,99,99,99,99,99,99,17,22128,2636
3,14,870,7,3.3182752,2,1,99,77,1,2,99,99,99,99,99,99,2259,23401,3462
10,13,3353,8,3.3182752,1,1,99,77,1,99,99,99,99,99,99,99,12065,25102,2369.98
2,31,638,7,3.3839836,1,1,99,77,1,99,99,99,99,99,99,99,1717,27125,2032
42,52,6495,5,3.449692,2,1,99,77,1,2,99,99,99,99,99,99,5834,23313,1876.51
12,80,4234,6,3.449692,5,1,99,77,1,2,2,99,99,99,99,99,14007,21115,2164
1,55,229,10,3.5154004,1,1,99,77,1,99,99,99,99,99,99,99,728,27301,2629.98
16,2,5456,7,3.5154004,4,1,99,77,1,0,99,99,99,99,99,99,16115,21209,1552
7,12,2285,6,3.5482545,2,1,99,77,1,1,99,99,99,99,99,99,9100,24107,2991.98
10,13,3424,8,3.5482545,3,1,99,77,1,3,99,99,99,3,99,3,12195,25221,2373.98
12,63,4053,3,3.6139631,1,1,99,77,1,99,99,99,99,99,99,99,13675,10012,1170.5
2,31,596,6,3.7125256,4,1,99,77,1,2,99,99,99,99,99,99,1679,21102,2032
1,55,281,6,3.778234,3,1,99,77,1,1,1,99,99,99,99,99,828,22120,2620
16,67,5575,9,3.8110881,3,1,99,77,1,3,99,99,99,99,3,3,16359,22119,1556
14,27,5064,6,3.8110881,1,1,99,77,1,99,99,99,99,99,99,99,15260,21014,1102
41,56,6214,4,3.8439424,4,1,99,77,1,0,99,99,99,99,99,99,5370,25202,3773.74
6,19,1880,6,3.8767967,1,1,99,77,1,99,99,99,99,99,99,99,7793,21206,2974
9,72,3131,3,3.8767967,1,1,99,77,1,99,99,99,99,99,99,99,11385,23116,2252
13,74,4564,3,3.9096508,3,1,99,77,1,1,99,99,3,99,99,3,14666,12066,936.62
3,54,1091,10,3.9425049,5,1,99,77,1,2,99,99,2,3,99,3,3055,22008,3454
3,49,1036,5,3.9753592,1,1,99,77,1,99,99,99,99,99,99,99,2965,22210,3456
1,55,317,8,3.9753592,3,1,99,77,1,3,2,99,99,99,99,99,947,23214,2635.98
1,29,107,5,4.0082135,2,1,99,77,1,1,99,99,99,99,99,99,352,21108,2637.98
5,5,1366,4,4.0082135,3,1,99,77,1,99,99,99,99,3,99,99,6317,21227,2674
11,24,3813,4,4.0410676,1,1,99,77,1,99,99,99,99,99,99,99,13071,22314,2396
14,81,5172,4,4.0410676,1,1,99,77,1,99,99,99,99,99,99,99,15353,21013,1096
16,2,5472,6,4.0410676,2,1,99,77,1,3,99,99,99,99,99,99,16212,22212,1548
11,23,3618,7,4.0410676,1,1,99,77,1,99,99,99,99,99,99,99,12864,21101,2379.98
42,59,6678,3,4.0739217,3,1,99,77,1,3,99,3,99,3,99,3,6228,21217,1766
41,58,6299,4,4.0739217,2,1,99,77,1,0,99,99,99,99,99,99,5570,12006,2931.8201
12,63,4123,4,4.1067762,1,1,99,77,0,99,99,99,99,99,99,99,13713,22220,2164
5,62,1808,3,4.1067762,1,1,99,77,1,99,99,99,99,99,99,99,7485,23124,2673.98
1,33,140,8,4.1396303,1,1,99,77,1,99,99,99,99,99,99,99,450,23216,2624
15,36,5197,7,4.1396303,5,1,99,77,1,1,0,99,99,99,99,4,15416,23217,1861.98
10,35,3496,5,4.1396303,2,1,99,77,1,2,99,99,99,99,99,99,12379,22115,2393.98
6,30,1936,3,4.1396303,4,1,99,77,1,1,99,99,99,99,99,99,8155,24130,2974
7,22,2561,7,4.205339,5,1,99,77,1,4,99,99,4,4,99,4,9794,22225,2991.98
6,6,1864,5,4.238193,2,1,99,77,1,2,99,99,99,33,99,99,7703,23013,2988
12,47,4001,4,4.3367558,1,1,99,77,1,99,99,99,99,99,99,99,13584,22127,2172
10,13,3364,7,4.4024639,3,1,99,77,1,0,99,99,99,3,99,3,12072,21103,2376
1,55,166,6,4.4024639,4,1,99,77,1,99,99,99,99,99,99,99,580,23315,2629.98
2,31,644,3,4.4353185,5,1,99,77,1,0,0,99,99,99,99,4,1749,25126,2022
13,75,4696,6,4.4681726,5,1,99,77,1,3,99,4,99,99,99,99,14806,13024,2096.54
7,22,2441,5,4.5667353,5,1,99,77,1,3,99,3,99,99,99,4,9509,21202,3009.98
2,50,743,3,4.5995893,3,1,99,77,1,0,99,99,4,99,99,4,1926,21118,2214.71
6,45,2070,5,4.6324434,5,1,99,77,1,2,99,99,99,4,99,4,8546,22007,2974
7,46,2686,3,4.6324434,3,1,99,77,0,2,99,99,99,4,0,2,10037,22313,2999.98
11,24,3820,6,4.6652975,3,1,99,77,1,99,4,4,99,4,99,4,13132,23616,2386
10,13,3381,6,4.6981521,2,1,99,77,1,3,99,99,99,99,99,99,12138,22213,2380
6,30,1948,7,4.6981521,3,1,99,77,1,0,99,99,4,4,99,4,8153,23227,2976
5,41,1723,12,4.7310061,1,1,99,77,1,99,99,99,99,99,99,99,7306,23111,2673.98
42,52,6480,9,4.7638602,3,1,99,77,1,99,99,99,99,99,99,4,5832,23204,1865.92
10,35,3454,5,4.7967148,3,1,99,77,0,3,99,4,99,99,99,99,12255,23002,2378
15,7,5194,10,4.8295689,5,1,99,77,1,2,99,2,99,99,99,2,16079,21123,1878
11,23,3690,9,4.8295689,3,1,99,77,1,1,99,1,99,1,99,4,12901,23616,2386
16,3,5548,4,4.8295689,5,1,99,77,1,3,99,99,99,99,99,3,16324,23114,1556
6,45,2098,11,4.8624229,5,1,99,77,0,2,99,99,99,99,99,3,8592,21311,2974
9,83,3296,5,4.895277,3,1,99,77,0,3,99,4,99,99,99,99,11876,22105,2448.49
9,72,3156,8,4.9281311,2,1,99,77,1,1,99,99,99,99,99,99,11444,24121,2254
1,33,136,8,4.9281311,3,1,99,77,1,1,3,3,99,1,99,3,448,22219,2626
1,28,42,4,4.9938397,2,1,99,77,1,3,99,99,99,99,99,99,113,21222,2633.98
11,23,3684,8,5.0266938,1,1,99,77,0,99,99,99,99,99,99,99,12901,23616,2386
13,76,4902,8,5.0595484,3,1,99,77,1,4,5,99,99,5,99,99,15050,11016,1864.14
13,74,4479,9,5.0924025,3,1,99,77,1,4,99,99,99,99,99,4,14578,12038,5754.5801
14,11,5022,5,5.1252565,5,1,99,77,1,3,99,99,99,5,5,4,15199,23106,1096
8,26,2742,7,5.1252565,3,1,99,77,1,3,99,99,99,99,99,5,10294,21103,2268
16,2,5469,8,5.1252565,4,1,99,77,1,3,99,99,99,99,99,99,16212,22212,1548
10,43,3588,7,5.1581106,4,1,99,77,1,3,99,99,99,99,99,99,12709,22126,2373.98
7,12,2329,6,5.1909647,3,1,99,77,0,3,99,99,99,5,99,4,9252,22103,2999.98
10,43,3610,4,5.1909647,2,1,99,77,1,5,99,99,99,99,99,99,12739,21216,2379.98
14,11,4985,7,5.1909647,3,1,99,77,1,1,99,4,99,4,99,4,15149,22208,1096
11,24,3740,8,5.1909647,1,1,99,77,1,99,99,99,99,99,99,99,12948,24712,2384
14,11,4958,5,5.2566733,5,1,99,77,1,0,99,99,4,4,99,4,15114,23207,1100
5,20,1668,4,5.2566733,3,1,99,77,1,4,99,99,99,4,99,4,7177,22015,2680
8,37,2862,7,5.2566733,2,1,99,77,1,5,33,99,99,99,99,99,10726,22016,2260
16,3,5502,4,5.322382,5,1,99,77,1,0,99,1,99,4,99,4,16255,22202,1550.7
14,11,4971,7,5.3880906,3,1,99,77,1,3,0,3,5,5,99,5,15117,22110,1096
12,65,4224,3,5.4209447,5,1,99,77,1,1,0,99,99,4,99,4,13929,10005,1703.6
15,38,5276,7,5.4209447,1,1,99,77,1,99,99,99,99,99,99,99,15708,21213,1876
1,55,335,5,5.5195074,2,1,99,77,1,5,99,99,99,99,99,99,1044,26107,2642
11,23,3656,5,5.6509242,5,1,99,77,1,3,99,5,99,5,99,5,12879,11002,1906.5
13,74,4457,3,5.6509242,3,1,99,77,1,3,5,99,99,5,99,4,14561,12043,1049.4399
9,72,3099,6,5.6837783,2,1,99,77,1,2,99,99,99,99,99,99,11332,22205,2248
13,75,4754,5,5.7494869,5,1,99,77,1,3,99,99,4,99,99,99,14845,13040,1503.88
3,14,892,8,5.8151951,5,1,99,77,1,4,4,99,99,4,99,5,2317,21413,3452
13,74,4507,10,5.8809032,5,1,99,77,1,2,1,4,2,4,4,4,14615,12030,2228.6399
5,17,1525,6,5.9466119,3,1,99,77,1,3,99,3,99,3,99,5,6733,22229,2679.98
12,98,4265,6,5.979466,3,1,99,77,1,5,99,99,99,5,99,5,14043,22008,2170
41,34,6074,4,5.979466,3,1,99,77,1,4,99,3,99,4,99,5,4955,21309,3558
41,10,5707,12,6.0123205,5,1,99,77,1,0,99,99,3,5,99,5,3877,23106,3568
8,37,2812,10,6.0451746,3,1,99,77,1,1,99,99,99,5,99,5,10574,26124,2254
15,66,5320,11,6.0451746,3,1,99,77,1,3,99,99,5,99,99,99,15822,21108,1874
8,78,3084,4,6.0780287,3,1,99,77,0,6,99,99,99,6,99,6,10266,22018,2266
5,17,1597,10,6.1437368,5,1,99,77,1,99,99,99,99,4,99,99,6959,21017,2675.98
6,30,1965,4,6.1765919,3,1,99,77,1,6,99,99,6,6,99,6,8271,21023,2982
14,27,5088,8,6.1765919,3,1,99,77,1,3,3,2,2,4,99,4,15290,22009,1098
9,73,3204,4,6.2094455,3,1,99,77,1,4,99,99,99,99,99,4,11538,24220,2380.4299
8,37,2803,5,6.2423,3,1,99,77,1,5,99,99,99,99,99,6,10561,27132,2263.98
14,11,4970,10,6.3080082,3,1,99,77,1,3,3,3,2,3,99,3,15117,22110,1096
12,63,4041,4,6.3080082,3,1,99,77,1,0,99,99,99,4,0,6,13659,21107,2164
1,33,155,6,6.3080082,3,1,99,77,1,5,99,99,99,6,6,5,543,23106,2616
6,45,2228,9,6.3080082,3,1,99,77,1,1,99,99,2,4,99,4,8970,22412,2986
15,38,5280,8,6.4065704,3,1,99,77,1,5,5,5,99,99,99,6,15708,21213,1876
16,3,5540,4,6.4065704,4,1,99,77,1,99,99,99,99,99,99,99,16324,23114,1556
14,44,5132,8,6.4065704,3,1,99,77,1,6,6,99,99,99,99,5,15385,21007,1089.98
5,20,1659,4,6.4394255,3,1,99,77,1,4,99,4,99,4,99,4,7177,22015,2680
1,55,347,4,6.4394255,3,1,99,77,1,3,99,99,99,5,99,5,1068,21219,2636
15,38,5305,8,6.4722791,3,1,99,77,1,3,0,99,6,5,6,5,15749,24119,1874
12,47,3940,6,6.4722791,3,1,99,77,1,0,99,99,6,6,99,6,13457,21301,2162
8,37,2794,11,6.4722791,3,1,99,77,1,6,99,6,99,6,6,6,10559,27230,2253.98
5,5,1408,10,6.5379877,3,1,99,77,1,3,5,99,99,6,99,4,6392,23216,2678
3,71,1335,7,6.5708418,3,1,99,77,1,99,99,99,4,99,99,5,3705,23038,3456
15,38,5277,7,6.6036959,1,1,99,77,1,99,99,99,99,99,99,99,15708,21213,1876
5,17,1639,5,6.6036959,5,1,99,77,1,3,99,99,6,6,99,6,7102,23105,2679.98
5,16,1482,7,6.6036959,3,1,99,77,1,6,99,99,99,4,99,6,6644,21207,2670
42,59,6664,6,6.6365504,3,1,99,77,1,1,1,5,99,5,6,6,6219,21117,1772
14,44,5144,5,6.6365504,3,1,99,77,1,6,99,99,99,6,99,6,15397,23005,1098
42,53,6579,7,6.669404,3,1,99,77,1,4,99,99,5,4,99,6,6008,24106,1762
15,38,5286,6,6.7351127,5,1,99,77,1,1,0,6,6,3,99,3,15719,22208,1878
2,15,415,4,6.7679672,3,1,99,77,1,2,99,99,99,6,99,6,1228,22213,2028
1,33,125,12,6.7679672,3,1,99,77,1,3,99,3,99,4,6,4,362,21219,2636
41,58,6241,12,6.7679672,2,1,99,77,1,5,99,99,99,99,99,99,5539,12016,4644.7798
15,36,5196,7,6.8008213,2,1,99,77,1,6,99,99,99,99,99,99,15416,23217,1861.98
6,30,2040,3,6.8008213,2,1,99,77,1,3,33,99,99,33,99,99,8390,21340,2978
6,30,1962,7,6.8336754,2,1,99,77,0,6,99,99,99,33,99,33,8271,21023,2982
12,80,4239,6,6.899384,3,1,99,77,0,6,6,99,99,6,99,99,14007,21115,2164
12,47,3929,4,6.899384,3,1,99,77,1,2,99,5,2,5,99,4,13513,22305,2168
5,16,1472,9,6.9322376,5,1,99,77,1,5,3,5,5,4,99,6,6633,22102,2672
41,21,5845,6,6.9322376,3,1,99,77,1,3,99,99,99,5,99,6,4321,23206,3562
8,37,2905,5,6.9322376,3,1,99,77,1,5,99,99,5,5,99,5,10837,22104,2252
5,5,1370,4,7.0636554,3,1,99,77,1,6,99,99,99,5,99,5,6317,21227,2674
5,62,1766,10,7.0636554,5,1,99,77,1,5,7,99,6,7,99,7,7443,21206,2674
42,53,6655,6,7.096509,2,1,99,77,1,3,99,99,99,99,99,99,6151,22203,1764
42,53,6589,3,7.096509,5,1,99,77,1,2,99,3,99,99,99,4,6005,23202,1772
5,5,1404,4,7.129364,3,1,99,77,0,4,99,99,99,7,99,4,6392,23216,2678
42,40,6412,7,7.1950722,3,1,99,77,1,4,99,99,6,5,6,5,5721,23017,1764
3,49,992,3,7.1950722,3,1,99,77,1,3,99,99,5,6,99,6,2664,21118,3456
7,22,2584,4,7.1950722,3,1,99,77,1,3,99,4,2,4,99,4,9827,24110,3001.98
41,34,6072,4,7.1950722,5,1,99,77,1,6,7,99,99,5,99,5,4955,21309,3558
8,48,2936,7,7.2607803,3,1,99,77,1,2,99,6,6,6,99,5,10951,22109,2265.98
41,58,6243,4,7.2607803,3,1,99,77,1,1,99,6,99,99,99,5,5539,12016,4644.7798
9,73,3188,3,7.2936344,9,1,99,77,1,4,4,99,4,4,99,4,11518,24117,2386.74
2,15,515,5,7.326489,3,1,99,77,0,3,99,99,99,4,99,3,1435,24122,2032
16,3,5526,5,7.326489,3,1,99,77,1,4,99,99,4,4,99,4,16278,22115,1548
5,17,1628,8,7.3593426,3,1,99,77,1,99,99,99,99,4,99,6,7047,21116,2681.98
41,34,6045,3,7.3921976,5,1,99,77,1,2,7,3,6,99,99,6,,,3568
41,34,6082,5,7.3921976,3,1,99,77,1,3,99,99,5,5,99,4,4971,24326,3576
42,52,6501,9,7.4250512,3,1,99,77,1,7,99,4,99,7,99,6,5848,23106,1865.92
41,21,5851,3,7.4250512,3,1,99,77,0,3,99,99,99,99,99,4,4364,11011,3824.3201
1,55,246,10,7.4579058,3,1,99,77,1,4,4,99,99,99,99,99,720,23118,2636
11,82,3890,4,7.556468,5,1,99,77,1,3,99,99,7,5,7,4,13324,22501,2394
12,63,4115,9,7.556468,3,1,99,77,1,3,0,7,4,4,99,99,13686,10014,1179.48
7,61,2726,4,7.5893226,3,1,99,77,1,1,99,3,5,4,99,4,10239,21024,3014
11,25,3854,10,7.6221762,3,1,99,77,0,2,3,3,99,3,6,5,13256,21111,2386
12,65,4173,4,7.6221762,3,1,99,77,1,2,99,3,3,3,99,4,13823,22221,2168
8,78,3096,5,7.6550312,3,1,99,77,1,7,99,99,6,7,99,6,10267,21013,2267.98
5,16,1475,7,7.6550312,3,1,99,77,0,6,7,7,6,7,99,7,6644,21207,2670
7,22,2464,5,7.6878848,3,1,99,77,1,3,99,6,6,6,99,7,9550,22219,3003.98
12,47,3937,4,7.6878848,3,1,99,77,1,0,99,99,99,6,99,7,13457,21301,2162
11,24,3801,5,7.7207394,3,1,99,77,1,1,99,99,99,5,99,7,13038,21106,2386
11,24,3789,9,7.7535934,3,1,99,77,0,4,99,99,4,4,99,4,12923,24816,2384
3,71,1323,5,7.7535934,3,1,99,77,1,5,99,3,7,7,99,6,3711,22030,3458
5,17,1553,5,7.8193016,3,1,99,77,1,6,99,99,7,7,99,7,6852,25326,2679.98
2,31,690,6,7.8521562,9,1,99,77,1,6,99,6,6,6,99,6,1800,27201,2034
15,66,5364,6,7.8850098,3,1,99,77,0,3,99,7,99,99,99,7,15869,22208,1881.98
42,53,6605,10,7.9178648,3,1,99,77,1,6,99,4,5,7,99,7,6093,22102,1766
5,62,1790,8,7.9178648,3,1,99,77,1,3,99,99,99,99,99,3,7452,21108,2681.98
12,65,4205,6,7.9507184,9,1,99,77,1,5,6,99,6,4,6,99,13848,22101,2170
42,52,6499,7,7.9507184,3,1,99,77,1,3,99,99,4,4,99,3,5848,23106,1865.92
41,10,5742,7,7.983573,3,1,99,77,1,1,99,99,99,3,99,4,3963,22228,3558
7,22,2464,7,7.983573,3,1,99,77,1,2,99,5,6,6,99,6,9550,22219,3003.98
5,41,1714,5,7.983573,3,1,99,77,1,3,99,99,99,5,99,5,7306,23111,2673.98
2,15,457,8,8.0492811,5,1,99,77,1,3,99,99,99,6,99,6,1314,21115,2038
15,7,5185,11,8.0492811,3,1,99,77,1,3,4,4,99,5,99,6,16058,22112,1882
10,43,3590,6,8.0492811,3,1,99,77,1,2,99,99,99,3,99,5,12709,22126,2373.98
41,21,5918,4,8.0492811,3,1,99,77,1,3,99,99,99,99,99,5,4577,26204,3782.54
6,30,1953,5,8.0821352,3,1,99,77,0,3,99,99,6,4,99,4,8153,23227,2976
11,24,3806,8,8.0821352,3,1,99,77,1,2,99,4,99,4,99,4,13067,12013,4403.7402
5,41,1710,8,8.0821352,9,1,99,77,1,3,99,99,99,99,99,5,7306,23111,2673.98
10,13,3357,9,8.1806984,3,1,99,77,1,1,99,99,99,7,99,5,12072,21103,2376
6,45,2217,11,8.2464066,3,1,99,77,1,1,99,3,99,5,99,5,8966,23407,2976
9,73,3252,5,8.2792606,9,1,99,77,1,4,99,99,99,6,99,4,11659,21204,2380.4299
7,46,2689,6,8.2792606,3,1,99,77,1,1,99,99,7,5,0,3,10037,22313,2999.98
6,30,1970,4,8.3121147,3,1,99,77,1,0,99,99,5,4,99,5,8214,22004,2978
42,59,6688,9,8.3449697,3,1,99,77,1,6,99,99,8,8,99,5,6232,22204,1765.98
3,54,1176,5,8.3778229,3,1,99,77,1,3,99,99,3,4,5,4,3323,23202,3448
41,34,6115,5,8.443532,5,1,99,77,1,4,7,99,5,4,99,5,5096,22104,3572
16,2,5415,9,8.443532,3,1,99,77,1,3,99,99,3,3,99,3,16121,22107,1558
13,39,4336,6,8.443532,3,1,99,77,1,1,99,99,5,3,99,3,14339,26205,3395.98
3,71,1313,6,8.4763861,3,1,99,77,1,3,99,99,3,3,99,4,3694,21009,3452
16,68,5694,6,8.5092402,3,1,99,77,1,4,99,4,7,4,4,4,16578,23305,1550.52
5,17,1577,4,8.5420952,3,1,99,77,1,3,99,3,5,3,99,5,6896,25130,2686
41,56,6182,8,8.5749483,3,1,99,77,0,0,99,99,6,3,99,6,5268,21112,3780.1001
11,23,3683,4,8.6406574,3,1,99,77,1,6,99,99,99,7,99,7,12901,23616,2386
13,75,4618,7,8.6406574,5,1,99,77,1,5,99,6,99,7,99,4,14722,13019,1975.17
10,13,3375,4,8.6406574,9,1,99,77,1,6,99,99,7,6,99,6,12122,23224,2378
16,3,5494,12,8.6735115,3,1,99,77,1,3,99,99,6,4,7,7,16255,22202,1550.7
13,76,4863,6,8.7063656,5,1,99,77,1,1,0,8,8,7,99,6,14952,22015,3386
16,3,5534,6,8.7063656,3,1,99,77,1,4,99,99,6,3,99,3,16312,21111,1552
3,14,934,7,8.7392197,9,1,99,77,1,3,0,99,8,3,7,4,2464,24332,3452
2,15,520,10,8.9034901,3,1,99,77,0,3,4,3,99,3,4,4,1435,24122,2032
7,46,2643,8,8.9363451,3,1,99,77,1,4,99,6,99,4,99,4,9984,22126,3302
13,75,4701,6,8.9691992,9,1,99,77,1,3,2,99,4,4,99,4,14807,13032,1770.1
41,21,5976,7,9.0020533,3,1,99,77,0,0,99,99,9,8,99,8,4760,25236,3782.54
5,62,1818,10,9.0020533,3,1,99,77,1,6,99,6,8,8,99,7,7483,22206,2669.98
15,66,5335,16,9.0020533,5,1,99,77,1,4,99,5,8,7,99,8,15832,10002,855.67999
9,83,3309,15,9.0020533,5,1,99,77,1,4,99,99,4,4,99,6,11936,21220,2450.6499
8,37,2837,5,9.0677624,3,1,99,77,1,3,99,2,99,3,99,7,10689,22214,2255.98
42,52,6573,4,9.1006155,3,1,99,77,1,3,99,6,4,3,99,4,5950,22115,1870.16
13,75,4611,10,9.1006155,5,1,99,77,1,1,6,4,6,6,6,4,14722,13019,1975.17
11,23,3662,5,9.1334705,5,1,99,77,1,4,99,4,5,5,99,4,12871,22419,2388
41,21,5935,3,9.1663246,3,1,99,77,1,6,99,99,99,6,99,6,4698,21202,3570
13,75,4690,4,9.1991787,3,1,99,77,0,3,99,99,5,6,99,3,14806,13024,2096.54
41,21,5855,3,9.2320328,3,1,99,77,1,3,99,6,8,7,99,8,4364,11011,3824.3201
5,17,1638,5,9.2320328,3,1,99,77,1,8,99,99,9,9,99,6,7102,23105,2679.98
9,73,3249,9,9.2977409,11,1,99,77,0,4,99,4,99,99,99,7,11659,23204,2380.4299
11,82,3898,5,9.2977409,5,1,99,77,1,0,99,99,99,7,99,7,13324,22501,2394
16,3,5516,9,9.330595,5,1,99,77,1,3,99,3,3,3,99,3,16278,22115,1548
2,15,521,7,9.3634491,5,1,99,77,1,0,99,99,99,6,8,6,1435,24122,2032
6,45,2091,3,9.3634491,3,1,99,77,0,5,99,5,5,6,5,99,8577,10002,2416.8
6,4,1835,4,9.3963041,3,1,99,77,0,0,99,99,99,6,99,6,7511,23037,2972
14,27,5079,5,9.3963041,2,1,99,77,1,5,99,99,99,99,99,99,15290,22009,1098
12,47,3951,10,9.4620123,5,1,99,77,1,3,5,5,8,5,5,5,13457,21301,2162
2,50,758,10,9.4620123,3,1,99,77,1,4,99,4,7,4,99,9,1956,21218,2216.8899
5,5,1391,3,9.4948673,9,1,99,77,1,3,0,7,99,99,99,99,6338,22201,2670
13,74,4375,5,9.5934296,5,1,99,77,1,1,1,4,6,4,8,3,14508,12021,3007.98
3,54,1200,5,9.6262836,3,1,99,77,1,1,99,99,5,4,99,4,3329,21103,3454
16,2,5404,12,9.6591377,9,1,99,77,1,7,7,99,99,7,99,7,16086,22120,1552
16,2,5404,13,9.6591377,9,1,99,77,1,7,7,99,99,7,99,7,16086,22120,1552
8,78,3086,5,9.6919918,3,1,99,77,1,4,99,4,99,7,99,6,10266,22018,2266
13,74,4446,5,9.6919918,5,1,99,77,1,4,99,5,99,6,99,6,14561,12043,1049.4399
42,59,6697,8,9.7248459,3,1,99,77,1,4,99,99,99,6,99,4,6253,22102,1771.98
9,73,3207,4,9.7248459,5,1,99,77,1,3,99,4,5,4,99,6,11545,23118,2378.3201
1,55,271,4,9.7248459,5,1,99,77,1,1,99,99,9,8,99,8,825,22332,2631.98
8,37,2830,3,9.7577,3,1,99,77,0,5,99,99,99,5,5,5,10620,23216,2263.98
6,45,2235,5,9.790554,3,1,99,77,1,3,3,3,4,3,3,3,8986,21401,2962
14,32,5118,3,9.8234091,3,1,99,77,1,3,99,9,9,8,99,7,15329,23009,1096
42,40,6391,7,9.8234091,3,1,99,77,1,2,99,2,4,4,99,4,5667,22009,1759.98
5,62,1763,4,9.8891172,3,1,99,77,0,4,99,99,4,4,99,4,7443,21206,2674
42,52,6511,3,9.9219713,9,1,99,77,1,0,3,99,4,4,99,4,5867,21302,1868.02
6,30,1942,6,9.9219713,9,1,99,77,1,4,99,6,6,6,99,6,8155,24130,2974
10,35,3447,6,9.9548254,3,1,99,77,1,5,99,99,9,5,7,8,12243,22007,2374
15,66,5320,8,9.9548254,3,1,99,77,1,4,99,99,10,3,99,99,15822,21108,1874
41,58,6253,6,9.9548254,5,1,99,77,1,1,99,7,99,99,99,9,5540,12020,3273.3799
3,14,923,10,9.9876795,3,1,99,77,1,5,99,99,5,3,99,4,2407,23311,3466
5,17,1499,9,10.020535,3,1,99,77,1,3,99,99,3,4,99,6,6684,21220,2674
9,83,3297,4,10.020535,3,1,99,77,1,4,99,99,6,7,7,4,11876,22105,2448.49
14,44,5150,5,10.086243,3,1,99,77,1,4,99,4,99,99,99,99,15404,22006,1101.98
1,33,149,7,10.151951,3,1,99,77,1,0,99,99,5,5,99,4,497,21109,2640
2,15,539,4,10.184805,9,1,99,77,0,3,99,99,99,4,99,4,1456,24318,2024
9,72,3134,5,10.217659,3,1,99,77,1,5,6,6,6,4,5,5,11385,23116,2252
7,22,2593,8,10.217659,3,1,99,77,0,4,99,4,99,7,0,8,9840,25232,3014
8,37,2780,14,10.217659,9,1,99,77,1,4,99,4,6,6,10,4,10501,25109,2256
41,34,6065,5,10.250513,3,1,99,77,1,4,99,4,6,6,4,4,4944,24233,3564
11,23,3628,6,10.250513,9,1,99,77,1,2,99,99,99,6,99,4,12864,21101,2379.98
1,29,76,7,10.283367,3,1,99,77,1,3,99,99,99,99,99,7,292,22224,2644
16,2,5457,6,10.316221,3,1,99,77,1,1,99,99,9,5,99,5,16197,21211,1552
7,12,2347,3,10.316221,9,1,99,77,1,3,99,99,99,4,99,4,9267,24222,3005.98
5,16,1480,3,10.349076,9,1,99,77,1,1,99,6,3,6,99,6,6644,21207,2670
11,24,3784,10,10.381929,3,1,99,77,1,5,99,99,99,6,99,5,12923,24816,2384
42,52,6479,7,10.414784,3,1,99,77,1,6,99,99,99,99,99,6,5832,23204,1865.92
16,2,5470,5,10.414784,3,1,99,77,1,0,99,99,99,9,99,4,16212,22212,1548
13,75,4664,5,10.447639,5,1,99,77,1,1,99,99,8,5,10,8,14805,13020,1023.58
3,54,1088,5,10.447639,5,1,99,77,1,3,99,99,99,3,99,7,3055,22008,3454
13,75,4610,5,10.480493,3,1,99,77,1,2,99,3,2,2,10,3,14722,13019,1975.17
41,58,6376,7,10.480493,5,1,99,77,1,2,2,5,99,5,99,5,5644,12003,1281.62
7,22,2513,11,10.513347,11,1,99,77,1,7,7,99,9,9,99,4,9678,21104,3000
16,2,5442,9,10.513347,3,1,99,77,1,3,99,99,10,7,7,4,16141,21103,1550
2,57,765,3,10.513347,3,1,99,77,1,4,1,3,5,2,99,6,2019,22006,2040
13,74,4594,6,10.546202,3,1,99,77,1,4,99,99,99,6,99,6,14667,12020,1055.5
14,81,5174,5,10.579056,5,1,99,77,1,2,99,99,6,4,7,4,15353,21013,1096
15,7,5185,8,10.579056,3,1,99,77,1,3,1,2,5,6,5,3,16058,22112,1882
16,3,5478,5,10.61191,3,1,99,77,1,4,99,6,99,6,9,4,16218,21215,1556
16,68,5650,5,10.677618,3,1,99,77,0,6,99,99,99,6,99,6,16489,22109,1548
12,47,3973,9,10.677618,3,1,99,77,1,4,99,99,99,4,4,4,13488,22207,2170
14,11,5012,5,10.710472,3,1,99,77,1,2,1,1,99,1,99,1,15182,22201,1092
16,67,5585,10,10.710472,9,1,99,77,0,0,99,99,5,5,99,1,16407,22213,1552
15,38,5271,3,10.776181,9,1,99,77,1,1,5,2,5,6,6,6,15691,24202,1876
3,69,1274,6,10.809034,3,1,99,77,0,4,99,99,99,5,99,5,3630,22228,3456
42,52,6562,7,10.809034,9,1,99,77,1,3,99,99,4,3,99,4,5935,22221,1861.67
6,6,1858,9,10.841889,5,1,99,77,1,2,99,4,5,3,99,6,7703,23013,2988
5,17,1613,6,10.874743,3,1,99,77,1,4,99,99,99,4,99,6,6992,24218,2684
15,38,5268,6,10.907598,9,1,99,77,1,2,5,5,7,5,3,4,15691,24202,1876
7,12,2349,8,10.973307,9,1,99,77,1,3,4,3,99,6,99,4,9267,24222,3005.98
41,58,6244,3,10.973307,5,1,99,77,0,8,99,5,8,7,99,7,5539,12016,4644.7798
7,22,2384,4,11.039015,3,1,99,77,1,5,99,99,11,11,99,7,9409,26232,2999.98
41,34,6043,5,11.104723,3,1,99,77,1,5,99,99,7,5,99,5,,,3568
42,53,6595,5,11.137577,11,1,99,77,1,4,99,99,4,4,6,4,6080,23117,1772
41,21,5852,6,11.137577,3,1,99,77,1,0,99,99,6,6,6,6,4364,11011,3824.3201
12,63,4062,4,11.170431,3,1,99,77,0,0,99,99,99,5,99,4,13675,10012,1170.5
9,72,3179,4,11.203285,5,1,99,77,1,3,2,99,99,5,99,99,11490,25206,2258
3,14,961,6,11.203285,5,1,99,77,1,3,99,99,6,6,10,6,2547,24313,3456
11,24,3827,7,11.301848,3,1,99,77,1,1,99,99,10,6,99,6,13163,22416,2390
41,34,6027,4,11.301848,5,1,99,77,1,99,99,99,99,7,99,99,4845,21407,3560
7,22,2521,5,11.301848,3,1,99,77,1,1,1,3,4,3,99,3,9680,10002,2998
8,48,2957,6,11.433265,9,1,99,77,1,3,99,99,12,4,99,12,10954,22214,2261.98
3,49,985,5,11.498974,5,1,99,77,1,6,99,6,11,6,99,7,2675,24205,3454
8,60,3027,8,11.531827,3,1,99,77,1,4,99,99,99,10,99,6,11158,23211,2265.98
15,38,5293,4,11.531827,3,1,99,77,1,4,4,4,11,11,6,99,15719,22208,1878
13,74,4374,12,11.564682,5,1,99,77,1,1,99,3,10,99,7,8,14508,12021,3007.98
12,80,4230,6,11.564682,3,1,99,77,0,6,99,6,6,6,99,6,13995,22108,2174
5,17,1530,4,11.564682,3,1,99,77,1,4,99,99,4,4,8,7,6733,22229,2679.98
2,15,502,3,11.597536,9,1,99,77,0,5,99,6,99,8,99,6,1410,24205,2028
42,51,6457,5,11.597536,3,1,99,77,1,5,99,99,99,1,99,8,5798,22118,1764
12,65,4194,6,11.696098,9,1,99,77,1,6,99,6,99,6,6,6,13848,22101,2170
42,53,6630,10,11.696098,3,1,99,77,1,6,99,99,6,4,99,99,6103,21205,1766
41,21,5871,4,11.696098,3,1,99,77,1,4,99,99,6,9,99,99,4389,24102,3562
7,22,2444,5,11.761806,5,1,99,77,1,4,99,4,4,5,99,5,9509,21202,3009.98
7,22,2602,10,11.926079,5,1,99,77,1,4,7,4,99,7,99,7,9869,23315,2996
13,74,4573,5,11.958932,3,1,99,77,1,4,99,99,7,4,7,5,14666,12066,936.62
15,66,5340,6,11.991787,5,1,99,77,1,3,12,8,99,12,12,12,15832,10002,427.84
15,66,5362,5,11.991787,9,1,99,77,0,99,9,12,99,12,99,7,15869,22208,1881.98
15,66,5348,5,11.991787,3,1,99,77,1,2,99,5,99,99,99,2,15842,22120,1878
15,66,5357,5,11.991787,9,1,99,77,1,9,9,99,12,12,99,12,15859,23206,1876
16,67,5563,7,12.024641,5,1,99,77,1,6,99,99,6,6,99,8,16354,23221,1548
16,2,5467,7,12.024641,9,1,99,77,1,2,99,99,99,5,11,5,16199,21107,1550
15,38,5312,11,12.024641,9,1,99,77,1,6,5,6,11,6,11,6,15761,23213,1883.98
9,72,3151,13,12.057495,3,1,99,77,1,5,99,4,99,4,99,6,11444,24121,2254
12,63,4022,6,12.090349,9,1,99,77,1,2,99,99,99,4,99,5,13666,23302,2173.98
10,35,3502,5,12.090349,3,1,99,77,1,6,6,6,6,6,99,8,12379,22115,2393.98
2,15,507,9,12.123203,3,1,99,77,1,5,4,5,8,5,99,5,1410,24205,2028
3,69,1282,6,12.156057,3,1,99,77,1,4,8,5,99,5,99,5,3627,23137,3458
42,53,6628,6,12.156057,3,1,99,77,1,3,99,3,99,5,5,5,6103,21205,1766
1,33,128,7,12.156057,9,1,99,77,1,6,99,99,11,6,8,6,362,21219,2636
8,48,2965,7,12.287474,9,1,99,77,1,2,99,99,99,7,99,99,10956,21226,2263.98
5,5,1379,3,12.320329,9,1,99,77,1,9,8,6,11,10,99,10,6299,23110,2676
9,72,3098,7,12.320329,9,1,99,77,1,4,99,99,99,4,99,8,11332,22205,2248
15,38,5314,3,12.353184,5,1,99,77,1,4,99,99,6,6,99,5,15784,25211,1875.98
3,49,1062,7,12.353184,5,1,99,77,1,5,99,99,6,8,99,5,2991,25237,3460
14,11,5006,5,12.451746,5,1,99,77,1,3,4,99,3,3,99,4,15141,21110,1095.98
42,52,6501,12,12.517453,3,1,99,77,1,4,99,99,6,6,99,7,5848,23106,1865.92
13,74,4447,3,12.517453,3,1,99,77,1,7,99,7,7,9,99,7,14561,12043,1049.4399
14,11,4948,9,12.550308,9,1,99,77,1,3,0,0,5,3,12,3,15112,22101,1098
6,6,1860,4,12.583162,9,1,99,77,1,3,99,5,4,5,99,5,7703,23013,2988
6,30,2010,5,12.616016,3,1,99,77,1,3,99,99,4,3,99,3,8330,25130,2986
6,45,2133,7,12.616016,3,1,99,77,1,3,3,5,12,6,8,5,8639,22313,2974
9,83,3290,8,12.616016,9,1,99,77,1,4,99,3,12,4,99,12,11876,22105,2448.49
41,21,5962,10,12.64887,5,1,99,77,1,1,3,5,12,3,99,12,4709,26124,3788.9099
12,47,3961,6,12.64887,9,1,99,77,1,3,99,6,99,3,7,7,13468,23304,2168
3,14,935,3,12.681725,9,1,99,77,1,7,99,99,99,7,8,6,2464,24332,3452
15,38,5294,15,12.714579,3,1,99,77,1,4,4,99,99,9,99,99,15749,24119,1874
6,4,1831,3,12.747434,3,1,99,77,1,0,99,99,7,5,99,7,7511,23037,2972
8,48,2974,7,12.747434,9,1,99,77,1,3,6,3,12,4,15,7,10956,21226,2263.98
12,47,3985,10,12.747434,9,1,99,77,1,2,99,99,12,6,12,6,13496,21225,2168
2,31,647,6,12.813141,9,1,99,77,1,3,99,4,6,7,99,5,1749,25126,2022
14,11,5011,6,12.911705,9,1,99,77,1,6,99,8,12,99,99,8,15182,22201,1092
5,17,1625,3,12.977413,11,1,99,77,1,4,99,99,7,9,99,6,7047,21116,2681.98
9,83,3294,6,13.010267,9,1,99,77,1,4,99,4,99,4,99,4,11876,22105,2448.49
15,38,5251,12,13.075975,9,1,99,77,0,4,99,5,8,12,99,4,15676,23116,1876
41,10,5794,6,13.108829,9,1,99,77,1,1,99,8,5,4,99,3,4121,23214,3562
6,6,1854,6,13.141684,9,1,99,77,1,1,5,2,5,4,12,10,7642,21015,2982
7,12,2340,3,13.174539,9,1,99,77,1,4,99,5,12,5,99,5,9267,24222,3005.98
41,56,6194,10,13.207392,3,1,99,77,0,7,99,9,12,5,99,6,5321,24216,3777.98
16,67,5613,3,13.207392,3,1,99,77,1,3,99,99,12,12,99,7,16443,21203,1548
11,23,3623,3,13.273101,11,1,99,77,1,2,99,5,8,4,99,7,12864,21101,2379.98
5,5,1361,8,13.305956,11,1,99,77,1,3,99,3,12,3,99,3,6272,23314,2683.98
13,75,4739,5,13.305956,3,1,99,77,1,4,99,8,10,7,13,4,14837,13049,2080.5
1,55,391,5,13.338808,9,1,99,77,1,1,99,99,5,5,99,5,1162,22202,2640
1,55,350,7,13.371663,3,1,99,77,1,5,12,99,7,8,12,6,1068,21219,2636
5,16,1453,3,13.404518,9,1,99,77,1,1,99,99,99,6,99,12,6629,22229,2678
6,30,1961,11,13.437372,9,1,99,77,1,0,99,4,6,3,6,3,8241,23009,2982
5,16,1450,5,13.437372,9,1,99,77,1,4,99,3,6,4,6,4,6629,22229,2678
14,11,5032,5,13.437372,3,1,99,77,1,4,8,99,8,8,99,12,15217,10001,1171.54
8,37,2816,4,13.437372,9,1,99,77,1,3,99,6,7,7,9,12,10574,26124,2254
7,22,2420,12,13.437372,11,1,99,77,1,3,3,3,10,3,99,5,9497,10005,2292.1799
7,46,2690,3,13.50308,3,1,99,77,1,99,99,99,7,99,99,6,10031,23214,2998
14,32,5104,5,13.535934,3,1,99,77,1,5,99,99,7,5,99,7,15307,22003,1090
13,74,4586,7,13.568789,3,1,99,77,1,1,4,99,99,4,99,6,14667,12020,1055.5
6,19,1902,4,13.568789,3,1,99,77,1,2,99,5,5,99,99,6,7834,22238,2966
16,3,5492,4,13.568789,5,1,99,77,1,2,99,99,99,4,99,4,16218,21215,1556
41,10,5776,4,13.667351,3,1,99,77,1,2,99,99,12,4,99,4,4059,24308,3546
2,50,725,5,13.700206,9,1,99,77,1,4,99,99,99,5,99,6,1886,22106,2208.1599
10,35,3488,5,13.733059,9,1,99,77,1,3,7,5,5,5,99,5,12387,21223,2374
5,17,1596,5,13.765913,9,1,99,77,1,4,99,4,8,8,99,5,6959,21017,2675.98
3,54,1085,7,13.765913,5,1,99,77,1,2,99,99,6,4,99,5,3055,22008,3454
41,10,5807,6,13.798768,3,1,99,77,1,1,99,99,99,3,3,3,4128,24138,3560
13,39,4334,3,13.864475,11,1,99,77,1,0,0,99,3,3,3,4,14323,22126,3382
15,38,5250,8,13.864475,9,1,99,77,1,1,99,99,6,4,12,4,15674,21112,1879.98
41,56,6227,7,13.89733,5,1,99,77,1,4,99,7,12,4,4,6,5493,21227,3777.98
3,54,1162,9,13.89733,3,1,99,77,1,6,99,6,7,7,7,8,3311,23108,3458
1,55,216,3,14.028748,3,1,99,77,0,2,99,2,8,8,8,8,671,27131,2635.98
8,37,2773,7,14.061602,5,1,99,77,1,4,0,5,12,5,99,7,10422,25225,2261.98
7,46,2702,10,14.061602,9,1,99,77,1,5,99,99,12,5,99,4,10075,23326,3002
6,30,1982,6,14.061602,9,1,99,77,1,3,99,99,99,5,99,4,8290,25243,2972
16,2,5440,4,14.094456,5,1,99,77,1,8,99,99,6,6,12,7,16141,21103,1550
10,13,3415,8,14.094456,3,1,99,77,1,4,99,99,8,4,99,6,12182,10011,2647.6599
13,75,4639,3,14.258728,5,1,99,77,1,2,99,3,3,8,8,3,14694,24003,3381.98
1,28,40,6,14.29158,5,1,99,77,1,0,99,11,6,4,5,4,113,21222,2633.98
2,31,551,9,14.324435,3,1,99,77,1,1,99,5,14,14,12,8,1497,26125,2034
6,19,1903,8,14.35729,3,1,99,77,1,2,99,99,12,4,99,8,7834,22238,2966
42,53,6581,5,14.455853,9,1,99,77,1,11,99,99,9,9,99,10,6008,24106,1762
41,58,6252,8,14.554415,3,1,99,77,1,1,99,11,99,5,99,7,5540,12020,3273.3799
5,17,1497,8,14.554415,9,1,99,77,1,1,99,4,6,7,8,4,6684,21220,2674
41,58,6275,8,14.685831,11,1,99,77,1,4,4,99,6,4,99,4,5563,21210,3566
9,73,3244,4,14.75154,3,1,99,77,1,4,99,99,99,4,99,4,11655,23201,2382.53
5,5,1395,3,14.817247,11,1,99,77,1,4,99,8,7,4,99,7,6338,22201,2670
8,26,2731,7,14.817247,9,1,99,77,1,5,99,5,99,5,99,12,10292,22217,2272
16,68,5666,8,14.850102,3,1,99,77,1,6,99,99,6,6,99,6,16532,23215,1550.22
16,2,5459,10,15.080082,3,1,99,77,1,4,99,4,99,4,99,4,16197,21211,1552
3,14,868,11,15.14579,5,1,99,77,1,3,1,99,99,5,99,99,2259,23401,3462
13,39,4318,3,15.244352,3,1,99,77,1,1,1,99,99,9,99,12,14120,13015,2498.1799
42,52,6545,5,15.244352,9,1,99,77,1,1,99,99,8,3,99,3,5912,22313,1876.49
13,74,4456,7,15.277207,9,1,99,77,1,8,99,99,13,8,8,7,14561,12043,1049.4399
8,26,2732,9,15.310062,9,1,99,77,1,3,12,99,6,6,99,8,10292,22217,2272
13,75,4614,4,15.342916,5,1,99,77,1,2,99,5,8,4,12,4,14722,13019,1975.17
2,31,653,8,15.37577,5,1,99,77,1,3,2,99,12,5,99,4,1749,25126,2022
6,19,1883,4,15.408625,3,1,99,77,1,0,0,99,5,1,99,4,7793,21206,2974
9,83,3295,6,15.474333,3,1,99,77,0,7,99,7,99,8,99,8,11876,22105,2448.49
8,64,3067,5,15.474333,5,1,99,77,0,4,99,5,12,7,99,5,11274,21020,2264
16,2,5464,7,15.507187,9,1,99,77,1,2,99,99,5,5,99,5,16199,21107,1550
5,41,1702,7,15.540041,9,1,99,77,1,4,99,99,99,99,99,4,7295,23206,2676
15,38,5251,9,15.572895,9,1,99,77,1,4,99,6,12,12,99,4,15676,23116,1876
2,31,692,6,15.638603,11,1,99,77,1,5,99,7,11,13,5,8,1800,27201,2034
8,60,3035,4,15.638603,3,1,99,77,1,3,8,99,5,12,12,12,11158,23211,2265.98
8,60,2985,5,15.671457,3,1,99,77,1,1,99,99,4,4,6,6,11029,22132,2264
11,24,3691,3,15.671457,9,1,99,77,1,0,99,99,12,7,99,5,12907,21213,2379.98
1,55,192,5,15.671457,3,1,99,77,1,4,99,5,11,6,6,5,635,26212,2622
41,10,5788,4,15.802875,3,1,99,77,1,0,99,99,4,4,99,3,4121,23214,3562
9,73,3189,8,15.83573,3,1,99,77,1,4,99,99,12,4,7,5,11518,24117,2386.74
9,73,3222,4,15.901437,9,1,99,77,1,1,99,99,12,7,12,99,11548,25111,2367.8
12,63,4037,5,15.967146,3,1,99,77,1,3,99,99,11,6,99,6,13659,21107,2164
13,76,4818,6,16,3,1,99,77,1,11,99,11,12,11,99,11,14886,11049,4068.48
13,74,4518,3,16.032854,11,1,99,77,1,2,99,99,4,4,99,4,14627,25005,3392
2,31,619,5,16.032854,9,1,99,77,1,5,0,99,14,3,12,3,1689,22105,2024
6,45,2234,5,16.098562,3,1,99,77,1,1,99,99,8,8,8,6,8986,21401,2962
1,28,38,3,16.098562,3,1,99,77,1,1,99,99,9,3,12,3,113,21222,2633.98
41,56,6207,5,16.098562,3,1,99,77,1,3,99,6,12,4,13,6,5357,22207,3784.3301
8,48,2955,6,16.131416,3,1,99,77,1,9,99,99,12,9,99,9,10954,22214,2261.98
8,37,2870,10,16.16427,9,1,99,77,1,13,99,8,8,8,14,13,10743,26216,2255.98
6,30,1988,3,16.197124,9,1,99,77,1,1,99,99,8,12,99,12,8311,22211,2980
15,66,5378,9,16.22998,3,1,99,77,0,5,6,99,99,7,99,7,15875,23105,1879.98
15,38,5244,10,16.262835,3,1,99,77,1,5,99,99,99,12,99,12,15671,25115,1878
3,14,831,5,16.427105,3,1,99,77,1,5,2,2,12,6,99,3,2190,22106,3456
41,21,5948,5,16.492813,3,1,99,77,1,12,99,99,12,9,12,12,4707,27125,3797.4099
1,28,55,10,16.492813,9,1,99,77,1,0,99,99,12,7,12,10,123,21314,2632
3,14,876,7,16.591375,9,1,99,77,1,3,99,3,5,4,99,4,2293,22417,3458
12,47,3979,4,16.624229,9,1,99,77,1,5,99,99,7,7,12,7,13496,21225,2168
11,24,3792,4,16.689939,9,1,99,77,1,4,99,5,6,6,99,6,12923,24816,2384
15,38,5239,3,16.755646,9,1,99,77,1,3,4,4,4,4,5,4,15671,25115,1878
6,30,2016,4,16.887064,9,1,99,77,1,2,99,99,6,9,99,5,8330,25130,2986
15,36,5210,7,16.985626,3,1,99,77,1,6,6,99,6,6,6,12,15419,22220,1871.98
15,38,5283,7,17.08419,9,1,99,77,1,9,4,4,16,17,99,4,15719,22208,1878
3,8,780,5,17.08419,3,1,99,77,1,6,99,99,12,6,99,6,2052,22217,3452
7,22,2360,6,17.08419,3,1,99,77,1,1,99,5,99,12,99,8,9355,22107,3004
3,14,817,8,17.215607,9,1,99,77,1,3,99,99,7,5,7,7,2175,24120,3448
10,42,3539,3,17.248459,9,1,99,77,1,5,99,99,6,6,99,6,12538,21327,2370
42,53,6649,6,17.248459,5,1,99,77,1,2,12,6,12,12,99,13,6151,22203,1764
1,33,124,5,17.281315,9,1,99,77,1,1,12,99,12,8,12,8,362,21219,2636
2,57,774,9,17.347023,5,1,99,77,0,4,99,99,99,5,12,5,2036,21015,2024
2,15,510,4,17.379875,9,1,99,77,1,1,99,5,7,6,99,6,1410,24205,2028
42,59,6675,4,17.412731,9,1,99,77,1,6,99,6,12,12,99,4,6228,21217,1766
1,55,243,9,17.412731,9,1,99,77,1,6,16,99,99,5,99,5,720,23118,2636
5,17,1567,7,17.609856,11,1,99,77,1,3,99,99,12,99,5,5,6879,25227,2678
6,30,2036,4,17.675564,3,1,99,77,1,6,8,1,7,5,12,6,8390,21340,2978
6,19,1904,4,17.70842,3,1,99,77,1,4,99,99,7,5,6,7,7834,22238,2966
12,98,4267,5,17.70842,9,1,99,77,1,6,99,9,12,12,12,6,14043,22008,2170
41,34,6028,5,17.70842,5,1,99,77,1,0,99,99,6,6,99,4,4845,21407,3560
41,56,6171,6,17.774128,9,1,99,77,1,6,99,99,9,9,12,4,5268,21112,3780.1001
12,63,4051,5,17.774128,9,1,99,77,1,2,99,99,6,6,99,4,13675,10012,1170.5
11,23,3675,8,17.87269,3,1,99,77,1,2,99,99,6,6,15,6,12895,11005,955.34003
1,28,59,4,17.87269,11,1,99,77,1,2,99,3,4,5,4,5,123,21314,2632
3,14,884,6,18.004107,3,1,99,77,1,3,99,99,6,8,99,8,2293,22417,3458
3,69,1289,6,18.036961,9,1,99,77,1,4,99,2,12,6,12,5,3638,23215,3454
5,17,1568,7,18.135525,9,1,99,77,1,6,99,99,99,99,99,4,6879,25227,2678
12,63,4134,8,18.201231,9,1,99,77,1,4,99,99,8,4,8,6,13753,22106,2168
10,13,3367,6,18.234085,5,1,99,77,1,4,99,99,4,4,99,4,12105,24115,2373.98
6,6,1871,5,18.266941,9,1,99,77,1,0,99,99,99,5,99,7,7752,22025,2972
9,72,3147,6,18.266941,5,1,99,77,0,1,1,1,1,3,3,5,11440,23211,2264
9,72,3102,7,18.365503,9,1,99,77,1,4,99,99,4,7,99,6,11332,22205,2248
11,82,3924,7,18.398357,3,1,99,77,1,1,99,4,4,4,99,4,13394,21112,2394
15,66,5355,6,18.464066,5,1,99,77,1,5,9,9,99,10,99,6,15851,23317,1875.98
15,36,5225,11,18.595482,9,1,99,77,1,6,99,99,99,3,13,6,15500,21005,1870
13,76,4902,5,18.628336,9,1,99,77,1,5,11,10,11,12,99,4,15050,11016,1864.14
7,22,2609,10,18.628336,3,1,99,77,0,4,99,99,7,5,99,5,9883,25311,2998
16,67,5625,6,18.628336,3,1,99,77,1,12,99,99,16,13,18,12,16439,10004,1530.12
2,50,726,8,18.66119,9,1,99,77,0,0,99,99,6,6,12,1,1886,22106,2208.1599
2,50,733,7,18.825462,3,1,99,77,1,3,99,99,5,4,99,4,1917,22212,2216.8899
12,80,4236,8,18.858316,3,1,99,77,1,7,12,9,9,9,13,9,14007,21115,2164
11,23,3673,4,18.858316,3,1,99,77,1,1,13,99,8,6,99,5,12883,21204,2394
42,51,6440,6,18.956879,5,1,99,77,1,4,1,5,8,5,12,6,5768,21313,1766
16,3,5520,9,19.022587,3,1,99,77,1,1,5,99,12,5,14,6,16278,22115,1548
12,80,4232,10,19.022587,3,1,99,77,1,6,99,99,6,6,99,6,13995,22108,2174
14,44,5129,3,19.121151,9,1,99,77,1,4,99,99,12,15,12,6,15385,21007,1089.98
8,60,3024,4,19.154003,11,1,99,77,1,3,99,99,4,4,6,7,11158,23211,2265.98
7,46,2695,5,19.186859,9,1,99,77,1,6,99,6,99,12,99,6,10031,23214,2998
13,76,4880,6,19.219713,3,1,99,77,1,1,99,99,6,12,12,3,15038,11027,2709.02
7,22,2486,4,19.219713,9,1,99,77,1,7,7,99,7,7,12,6,9588,23124,2999.98
14,81,5168,6,19.252567,11,1,99,77,1,2,99,99,12,8,8,6,15348,22013,1102
41,34,5987,6,19.318275,3,1,99,77,1,1,1,3,3,3,99,5,4791,11007,2329.04
15,36,5214,5,19.449692,9,1,99,77,0,6,0,5,12,17,17,5,15419,22220,1871.98
2,50,722,7,19.5154,3,1,99,77,1,4,99,4,6,4,99,8,1886,22106,2208.1599
2,50,722,6,19.5154,3,1,99,77,1,4,99,4,6,4,99,8,1886,22106,2208.1599
41,10,5725,6,19.646818,9,1,99,77,1,1,0,3,12,6,6,6,3952,23329,3562
1,55,318,10,19.646818,11,1,99,77,0,0,0,99,12,6,12,6,947,23214,2635.98
7,46,2642,7,19.67967,3,1,99,77,1,1,99,4,12,4,19,4,9984,22126,3302
12,47,3928,6,19.712524,9,1,99,77,1,2,99,3,5,6,99,5,13513,22305,2168
8,37,2863,8,19.712524,9,1,99,77,1,6,7,7,7,6,99,9,10726,22016,2260
16,3,5496,3,19.712524,9,1,99,77,1,3,99,99,12,9,15,9,16255,22202,1550.7
10,13,3360,5,19.74538,9,1,99,77,1,1,99,99,6,5,11,4,12072,21103,2376
1,33,122,5,19.843943,9,1,99,77,0,4,99,99,9,9,11,4,362,21219,2636
7,22,2490,7,19.909651,9,1,99,77,1,1,4,1,4,4,99,4,9588,23124,2999.98
42,51,6426,5,19.942505,9,1,99,77,1,6,6,6,6,6,99,6,5735,22209,1765.98
9,97,3328,7,20.008213,3,1,99,77,1,4,0,99,4,4,6,3,11959,21017,2256
15,66,5337,12,20.008213,11,1,99,77,1,5,5,99,7,6,99,5,15832,10002,855.67999
13,74,4508,8,20.073923,5,1,99,77,1,0,99,6,4,3,6,6,14615,12030,2228.6399
5,17,1644,9,20.106775,5,1,99,77,1,5,99,99,11,7,8,7,7102,23105,2679.98
41,34,6086,11,20.139629,9,1,99,77,1,0,1,99,8,4,20,4,4997,24102,3568
7,22,2565,5,20.238194,3,1,99,77,1,1,9,4,9,4,99,5,9794,22225,2991.98
8,48,2969,5,20.336756,9,1,99,77,1,4,99,5,12,4,99,5,10956,21226,2263.98
9,73,3249,4,20.36961,11,1,99,77,0,3,99,3,99,99,99,7,11659,23204,2380.4299
15,38,5318,7,20.402464,9,1,99,77,1,4,99,99,6,6,99,99,15784,25211,1875.98
13,74,4540,4,20.501026,9,1,99,77,1,1,99,1,6,9,15,5,14655,12073,5115.8198
7,46,2694,8,20.698153,9,1,99,77,1,99,99,99,99,4,99,7,10031,23214,2998
8,48,2945,8,20.796715,3,1,99,77,1,3,4,3,6,4,99,6,10951,22109,2265.98
9,72,3119,4,20.862423,9,1,99,77,1,1,8,4,8,4,99,4,11337,22117,2264
14,32,5110,6,20.895277,3,1,99,77,1,4,99,4,6,6,99,6,15307,22003,1090
13,75,4760,13,20.895277,9,1,99,77,1,2,0,99,99,9,12,9,14845,13040,1503.88
5,17,1611,4,21.026693,9,1,99,77,1,1,8,8,1,4,1,4,6992,24218,2684
10,13,3354,9,21.092403,9,1,99,77,1,2,6,4,12,6,4,7,12065,25102,2369.98
5,17,1506,11,21.125257,9,1,99,77,1,4,6,5,6,8,12,5,6684,21220,2674
6,45,2227,5,21.322382,9,1,99,77,1,4,5,99,5,5,99,6,8970,22412,2986
15,38,5238,3,21.322382,9,1,99,77,1,3,99,4,5,5,12,6,15671,25115,1878
1,28,4,6,21.355236,11,1,99,77,1,0,1,1,1,4,6,4,17,22128,2636
6,19,1916,4,21.355236,3,1,99,77,0,1,1,99,4,6,99,4,7912,22104,2968
42,51,6424,5,21.519508,9,1,99,77,1,6,99,99,6,6,99,6,5735,22209,1765.98
13,75,4674,5,21.519508,9,1,99,77,1,0,0,7,7,6,9,6,14805,13020,1023.58
2,50,720,12,21.585215,9,1,99,77,1,3,99,13,13,7,8,9,1886,22106,2208.1599
7,22,2487,9,21.585215,9,1,99,77,1,11,1,7,6,3,3,6,9588,23124,2999.98
3,71,1306,6,21.618069,9,1,99,77,1,7,12,12,12,9,99,8,3664,21038,3454
3,8,785,7,21.749487,9,1,99,77,1,4,0,99,7,4,4,4,2052,22217,3452
7,46,2665,11,21.848049,3,1,99,77,1,4,99,99,7,7,99,7,10005,21306,3002
1,55,231,9,21.913757,9,1,99,77,1,5,99,99,12,8,99,5,728,27301,2629.98
13,76,4894,9,22.07803,9,1,99,77,1,2,99,99,12,8,99,3,15048,11053,2002.61
12,65,4184,10,22.110882,9,1,99,77,0,0,0,99,99,21,12,6,13847,23103,2167.98
6,19,1905,6,22.40657,11,1,99,77,1,4,99,8,8,6,9,8,7839,21131,2980
1,55,294,7,22.472279,5,1,99,77,1,6,2,99,1,4,18,18,851,25230,2629.98
13,74,4467,6,22.636551,9,1,99,77,1,1,99,2,3,3,99,3,14561,12043,1049.4399
5,5,1428,8,22.636551,9,1,99,77,1,3,99,4,6,5,18,7,6537,21311,2675.8
42,40,6390,7,22.767967,9,1,99,77,1,6,6,6,6,6,99,6,5667,22009,1759.98
16,68,5693,11,22.800821,3,1,99,77,1,5,99,5,12,7,99,5,16578,23305,1550.52
16,3,5499,5,22.833675,9,1,99,77,1,4,99,6,99,4,99,6,16255,22202,1550.7
1,55,360,10,22.932238,9,1,99,77,1,8,99,99,8,8,8,9,1074,24121,2640
9,72,3139,8,23.030802,3,1,99,77,1,99,1,99,99,4,18,4,11418,24212,2260
5,20,1658,4,23.030802,3,1,99,77,1,5,99,99,23,5,23,5,7177,22015,2680
41,34,6017,11,23.129364,5,1,99,77,1,6,99,7,9,8,99,7,4823,11003,3130.96
1,55,306,9,23.227926,11,1,99,77,1,4,6,99,6,9,12,5,840,26325,2636
15,38,5302,9,23.359343,3,1,99,77,1,3,8,4,99,5,12,9,15749,24119,1874
2,50,731,4,23.425053,9,1,99,77,0,5,99,99,11,12,99,5,1917,22212,2216.8899
42,53,6639,4,23.457907,9,1,99,77,1,1,99,99,8,6,7,3,6130,24214,1765.98
8,48,2964,8,23.589323,9,1,99,77,1,5,99,99,1,8,99,20,10956,21226,2263.98
41,56,6229,3,23.88501,11,1,99,77,1,4,99,4,6,4,13,4,5493,21227,3777.98
5,41,1751,4,23.917864,9,1,99,77,1,3,99,5,12,12,99,6,7353,22219,2672
41,10,5824,5,23.950718,9,1,99,77,1,3,99,99,5,3,99,3,4171,24225,3570
15,36,5197,6,11.991787,8,1,99,11,1,6,5,99,12,12,12,5,15416,23217,1861.98
6,4,1846,7,13.010267,7,1,99,13,1,0,0,7,5,7,99,7,7570,22019,2962
9,73,3183,10,18.036961,10,1,99,18,1,3,99,5,5,5,99,5,11518,24117,2386.74
7,46,2704,5,18.102669,8,1,99,18,1,3,9,4,12,4,12,4,10075,23326,3002
13,74,4373,8,0.26283368,6,1,99,0,1,0,99,99,99,99,99,99,14508,12021,3007.98
2,31,649,4,0.26283368,6,1,99,0,1,0,99,99,99,99,99,99,1749,25126,2022
7,22,2419,4,0.32854208,6,1,99,0,1,99,99,99,99,99,99,99,9497,10005,2292.1799
8,37,2795,5,15.37577,8,1,99,15,1,3,99,15,3,3,12,15,10559,27230,2253.98
42,53,6618,5,16.492813,8,1,99,16,1,0,99,99,99,6,99,4,6099,10002,842.03998
6,30,1994,5,0.55852157,6,1,99,0,1,99,99,99,99,99,99,99,8311,22211,2980
15,7,5188,8,22.570843,8,1,99,22,0,3,99,6,1,12,12,12,16079,21123,1878
11,82,3882,9,3.6139631,6,1,99,3,1,99,99,99,99,99,99,99,13300,21208,2386
41,34,6075,9,5.6180696,7,1,99,5,1,1,99,99,99,3,99,4,4955,21309,3558
41,21,5978,4,0.62422997,6,1,99,0,1,99,99,99,99,99,99,99,4760,25236,3782.54
10,13,3418,4,20.698153,8,1,99,20,1,2,5,2,5,5,99,5,12195,25221,2373.98
16,2,5397,4,7.7535934,10,1,99,7,1,1,7,7,99,99,99,7,16086,22120,1552
15,38,5282,5,23.786448,8,1,99,23,1,5,1,99,99,14,14,12,15708,21213,1876
5,41,1685,7,9.790554,8,1,99,9,1,6,99,99,99,5,99,5,7282,21210,2682
1,55,397,8,1.87269,6,1,99,1,0,0,99,99,99,99,99,99,1198,21321,2628
11,23,3626,5,18.891171,8,1,99,18,1,3,99,99,5,5,99,5,12864,21101,2379.98
14,11,5014,9,9.9219713,8,1,99,9,1,3,99,99,99,8,99,5,15182,22201,1092
14,11,5021,7,13.963039,7,1,99,13,1,2,99,99,99,4,99,4,15199,23106,1096
14,27,5089,5,22.01232,8,1,99,21,1,6,14,6,8,6,99,5,15290,22009,1098
13,75,4609,8,1.0513347,6,1,99,0,1,99,99,99,99,99,99,99,14722,13019,1975.17
5,17,1552,5,2.1026695,6,1,99,1,1,99,99,99,99,99,99,99,6852,25326,2679.98
5,62,1788,5,16.131416,8,1,99,15,1,3,99,99,99,2,99,99,7452,21108,2681.98
6,45,2199,11,1.1498973,6,1,99,0,1,99,99,99,99,99,99,99,8789,23217,2974
11,82,3917,6,17.182751,8,1,99,16,1,8,6,6,6,6,6,6,13364,22327,2383.98
16,3,5557,6,10.184805,7,1,99,9,1,2,99,99,2,2,99,2,16336,22308,1550.28
7,22,2434,6,1.2156057,6,1,99,0,1,99,99,99,99,99,99,99,9507,22112,3008
12,63,4057,4,21.22382,8,1,99,20,0,1,99,99,7,7,99,3,13675,10012,1170.5
13,75,4782,7,2.2340863,6,1,99,1,1,0,33,99,33,99,99,99,14858,13005,2773.3601
13,74,4570,4,3.2525668,6,1,99,2,1,0,99,99,99,99,99,99,14666,12066,936.62
1,28,24,5,14.258728,10,1,99,13,1,1,99,99,8,5,12,4,52,22231,2641.98
16,3,5511,5,1.2813141,6,1,99,0,0,99,99,99,99,99,99,99,16270,23219,1548
11,24,3717,5,5.322382,7,1,99,4,1,1,99,99,99,99,99,4,12978,23504,2392
6,30,1938,10,9.330595,7,1,99,8,1,4,99,99,5,5,99,5,8155,24130,2974
3,54,1105,6,2.3326488,6,1,99,1,1,1,99,99,99,99,99,99,3090,21233,3446
3,14,816,4,21.355236,10,1,99,20,1,12,20,5,12,12,19,4,2175,24120,3448
13,75,4781,5,17.379875,8,1,99,16,1,5,99,16,5,4,12,6,14858,13005,2773.3601
7,22,2428,6,1.5112936,6,1,99,0,1,0,99,99,99,99,99,99,9507,22112,3008
7,46,2672,11,6.6036959,7,1,99,5,1,5,99,99,99,5,99,5,10019,22216,3002
13,75,4651,7,1.6427104,6,1,99,0,1,99,99,99,99,99,99,99,14764,25016,3385.98
8,37,2785,10,6.669404,7,1,99,5,1,4,99,99,99,5,99,5,10543,23115,2259.98
41,10,5725,8,13.700206,10,1,99,12,1,3,5,3,3,5,99,3,3952,23329,3562
10,18,3433,4,6.7022591,7,1,99,5,1,4,99,99,99,99,99,99,12213,21007,2383.98
41,21,5929,4,21.716633,10,1,99,20,1,3,1,99,3,5,99,5,4698,21202,3570
10,13,3398,15,18.726898,8,1,99,17,1,4,12,12,12,4,12,4,12165,23103,2383.98
3,54,1105,13,1.7412732,6,1,99,0,1,99,99,99,99,99,99,99,3090,21233,3446
3,54,1105,12,1.7412732,6,1,99,0,1,99,99,99,99,99,99,99,3090,21233,3446
12,80,4241,4,6.7679672,7,1,99,5,1,3,4,99,99,99,99,5,14007,21115,2164
3,69,1229,7,22.800821,8,1,99,21,1,0,99,4,3,3,3,3,3411,10007,4503.52
42,59,6690,5,23.819302,8,1,99,22,1,7,7,5,6,12,10,9,6232,22204,1765.98
5,17,1533,5,1.8398356,6,1,99,0,1,99,99,99,99,99,99,99,6836,22110,2684
42,52,6524,4,8.8706369,7,1,99,7,0,2,99,99,3,99,99,4,5871,21206,1874.4
2,31,559,5,18.891171,8,1,99,17,1,2,1,99,99,8,8,5,1497,26125,2034
8,37,2843,4,23.917864,8,1,99,22,1,2,99,99,12,6,99,3,10689,22214,2255.98
1,33,146,11,4.9281311,6,1,99,3,1,2,99,99,99,99,99,99,450,23216,2624
13,74,4470,3,14.948665,8,1,99,13,1,1,99,8,10,10,10,4,14561,12043,1049.4399
3,49,1043,4,1.9712524,6,1,99,0,1,99,99,99,99,99,99,99,2965,22210,3456
41,34,6017,8,19.975359,10,1,99,18,1,1,7,4,12,6,9,6,4823,11003,3130.96
41,21,5899,5,2.0041068,6,1,99,0,1,99,99,99,99,99,99,99,4535,21112,3564
13,74,4523,5,3.0554416,6,1,99,1,1,1,99,99,99,99,33,99,14630,12033,1929.4
8,64,3054,5,21.059547,7,1,99,19,0,3,12,99,6,6,99,4,11238,23006,2256
41,58,6259,4,2.0698152,6,1,99,0,1,99,99,99,99,99,99,99,5540,12020,3273.3799
1,29,69,6,12.123203,10,1,99,10,1,1,99,99,8,6,8,6,212,21223,2638
11,25,3871,4,14.160164,7,1,99,12,1,1,6,6,99,5,99,6,13267,21217,2387.98
3,54,1181,5,15.178645,10,1,99,13,1,2,99,99,4,4,10,4,3325,25201,3448
13,75,4770,6,23.293634,10,1,99,21,1,10,99,99,12,12,12,11,14849,13045,3079.0801
41,34,6041,4,18.299795,8,1,99,16,1,4,5,5,8,4,5,12,,,3568
16,67,5608,7,5.3552361,7,1,99,3,1,3,99,99,99,99,99,99,16416,21115,1552
41,21,5893,5,2.3655031,6,1,99,0,1,0,33,99,99,99,99,99,4502,23109,3572
13,39,4277,5,2.4312115,6,1,99,0,1,99,99,99,99,99,99,99,,,3384
41,34,6089,4,2.4312115,6,1,99,0,1,99,99,99,99,99,99,99,4997,24102,3568
5,17,1545,6,11.498974,6,1,99,9,1,5,99,99,99,99,99,99,6852,25326,2679.98
8,37,2910,6,8.6406574,7,1,99,6,1,5,99,5,99,99,99,99,10837,22104,2252
6,45,2136,5,20.698153,8,1,99,18,1,4,99,5,5,5,12,12,8639,22313,2974
14,11,5058,5,13.700206,10,1,99,11,1,4,99,99,99,6,7,4,15248,21102,1094
15,38,5290,3,3.7125256,6,1,99,1,1,99,99,99,99,99,99,99,15719,22208,1878
3,54,1106,7,3.7453799,6,1,99,1,1,1,99,99,99,99,99,99,3090,21233,3446
8,37,2873,8,22.833675,8,1,99,20,1,6,9,8,99,12,20,17,10743,26216,2255.98
41,56,6134,8,23.917864,7,1,99,21,1,2,1,11,7,3,12,9,5237,22117,3771.6299
41,58,6321,4,6.9322376,7,1,99,4,1,1,99,99,3,99,99,4,5571,12009,1281.62
3,14,936,5,5.9466119,7,1,99,3,1,99,99,99,99,99,99,99,2464,24332,3452
1,55,332,5,21.946613,10,1,99,19,1,0,99,99,12,9,99,6,1044,26107,2642
7,22,2539,3,9.0020533,7,1,99,6,1,1,99,99,6,6,99,6,9714,22013,2994
15,66,5335,21,4.0082135,6,1,99,1,1,99,99,99,99,99,99,99,15832,10002,855.67999
16,68,5634,6,6.0123205,7,1,99,3,1,1,99,99,3,99,99,2,16475,21112,1550
3,69,1222,4,17.051334,10,1,99,14,1,3,99,99,6,5,11,6,3405,21114,3460
1,55,324,4,16.065708,7,1,99,13,1,2,99,13,12,7,99,7,1044,26107,2642
7,22,2420,7,18.069815,10,1,99,15,1,1,2,7,5,5,5,7,9497,10005,2292.1799
11,23,3665,4,16.098562,10,1,99,13,1,1,99,4,12,4,99,4,12871,22419,2388
2,31,627,5,9.1334705,7,1,99,6,1,1,99,6,5,4,6,3,1696,23206,2032
2,15,474,7,19.154003,8,1,99,16,1,6,15,12,15,7,7,6,1330,23208,2032
2,57,776,6,15.178645,7,1,99,12,0,4,4,5,99,5,99,4,2036,21015,2024
42,59,6670,5,3.2525668,6,1,99,0,1,99,99,99,99,99,99,99,6219,21117,1772
2,50,760,3,17.347023,7,1,99,14,1,3,12,99,99,5,99,4,1956,21218,2216.8899
8,60,3027,12,19.383984,8,1,99,16,1,3,99,3,6,6,13,3,11158,23211,2265.98
13,75,4816,4,4.4353185,6,1,99,1,1,1,99,99,99,99,99,99,14874,21004,3384
2,31,593,6,4.5995893,7,1,99,1,1,99,99,99,99,99,99,99,1560,21219,2040
5,17,1502,5,15.671457,8,1,99,12,1,3,99,1,99,2,5,6,6684,21220,2674
13,39,4322,5,3.7453799,6,1,99,0,1,99,99,99,99,99,99,99,14251,24117,3381.98
10,35,3487,5,5.782341,7,1,99,2,1,0,99,99,99,99,99,99,12387,21223,2374
10,43,3567,6,23.786448,10,1,99,20,1,3,99,99,99,3,20,3,12634,23104,2372
41,21,5920,4,3.8439424,6,1,99,0,1,99,99,99,99,99,99,99,4587,27217,3797.4099
13,75,4612,11,5.8809032,6,1,99,2,1,2,99,99,99,99,99,99,14722,13019,1975.17
13,75,4624,6,6.9322376,7,1,99,3,1,0,1,99,1,99,99,99,14727,22003,3385.98
41,58,6353,3,6.9322376,6,1,99,3,1,2,99,99,99,99,99,99,5623,21314,3558
7,46,2718,7,22.965092,8,1,99,19,1,3,99,4,99,7,99,8,10199,23105,2998
16,3,5542,9,15.967146,10,1,99,12,1,3,99,99,7,7,99,3,16324,23114,1556
41,21,5831,5,16,7,1,99,12,1,3,99,99,3,5,99,5,4306,24220,3570
42,40,6417,4,14.028748,8,1,99,10,1,4,99,99,99,6,99,6,5721,23017,1764
6,45,2208,3,22.07803,10,1,99,18,1,1,99,99,9,6,12,7,8922,22214,2984
41,10,5732,5,5.1252565,7,1,99,1,1,99,99,99,99,99,99,99,3963,22228,3558
7,46,2679,7,10.184805,7,1,99,6,1,4,99,99,4,4,99,4,10019,22216,3002
7,12,2348,10,20.238194,8,1,99,16,1,2,5,3,6,5,99,4,9267,24222,3005.98
6,30,1924,10,22.242298,8,1,99,18,1,0,99,99,6,4,99,6,8132,21222,2980
2,31,679,3,18.365503,8,1,99,14,1,5,4,99,4,6,1,7,1792,25219,2034
11,23,3636,8,4.4353185,7,1,99,0,1,99,99,99,99,99,99,99,12854,22305,2394
5,17,1503,3,22.439425,10,1,99,18,1,4,99,99,4,8,99,4,6684,21220,2674
13,74,4437,3,8.5092402,7,1,99,4,1,4,2,99,99,99,99,99,14556,29008,3384
8,78,3085,9,4.5995893,7,1,99,0,1,99,99,99,99,99,99,99,10266,22018,2266
42,51,6433,3,18.628336,10,1,99,14,1,4,99,99,6,8,99,10,5735,22209,1765.98
6,45,2210,4,5.6509242,7,1,99,1,1,1,99,99,99,99,99,99,8922,22214,2984
8,78,3090,7,4.6652975,7,1,99,0,1,0,99,99,99,99,99,99,10267,21013,2267.98
9,83,3310,10,22.702259,8,1,99,18,1,2,99,4,12,6,99,99,11936,21220,2450.6499
14,81,5165,6,16.722792,8,1,99,12,1,2,99,3,6,6,99,4,15348,22013,1102
3,54,1163,9,4.8295689,6,1,99,0,1,0,99,99,99,99,99,99,3322,23108,3458
5,41,1730,7,22.866529,7,1,99,18,1,2,1,99,1,4,99,4,7339,21111,2679.98
16,3,5553,6,21.880903,8,1,99,17,0,4,99,99,4,4,99,4,16327,10008,2115.1201
5,17,1541,4,18.924025,10,1,99,14,1,5,99,6,8,5,12,5,6836,22110,2684
8,37,2915,7,4.9281311,7,1,99,0,1,99,99,99,99,99,99,99,10820,21113,2260
13,74,4397,11,4.9609857,7,1,99,0,1,0,99,99,99,99,99,99,14517,12048,6838.6802
15,38,5263,9,21.026693,10,1,99,16,1,6,9,4,9,6,99,9,15676,23116,1876
6,30,1980,10,11.137577,7,1,99,6,1,6,99,6,99,6,6,99,8290,25243,2972
14,27,5090,3,13.141684,7,1,99,8,1,6,99,99,99,7,99,99,15290,22009,1098
13,39,4352,6,6.1437368,6,1,99,1,1,99,99,99,99,99,99,99,14430,27101,3380
41,58,6250,9,15.178645,10,1,99,10,1,5,7,8,9,99,99,99,5540,12020,3273.3799
8,60,3029,4,20.205339,8,1,99,15,1,4,99,99,12,5,7,3,11158,23211,2265.98
3,49,1008,11,13.240246,7,1,99,8,1,5,99,5,99,99,99,5,2728,24128,3458
8,48,2928,9,5.2566733,6,1,99,0,0,99,99,99,99,99,99,99,10899,21126,2256
41,10,5814,7,6.3080082,7,1,99,1,1,99,99,99,99,99,99,99,4166,21230,3568
7,22,2357,5,5.322382,6,1,99,0,1,99,99,99,99,99,99,99,9344,24213,3005.98
5,41,1699,9,18.332649,8,1,99,13,1,6,99,99,99,99,99,6,7295,23206,2676
10,35,3464,9,8.3449697,7,1,99,3,1,0,99,99,99,99,99,99,12264,21001,2383.98
7,46,2715,4,17.347023,8,1,99,12,1,4,99,99,99,5,99,5,10199,23105,2998
41,21,5842,3,5.3552361,7,1,99,0,1,0,99,99,99,99,99,99,4321,23206,3562
7,22,2516,6,5.3552361,6,1,99,0,1,99,99,99,99,99,99,99,9678,21104,3000
12,47,3927,4,14.390144,8,1,99,9,1,2,99,99,6,9,99,5,13513,22305,2168
14,27,5075,7,14.390144,8,1,99,9,1,6,99,2,99,3,99,6,15280,23009,1100
16,67,5628,3,11.531827,10,1,99,6,1,4,4,4,4,4,99,4,16439,10004,1530.12
16,2,5430,4,23.589323,10,1,99,18,1,3,18,99,99,11,99,4,16131,22214,1550
12,47,3951,9,18.595482,8,1,99,13,1,0,3,5,6,5,6,5,13457,21301,2162
13,75,4670,3,8.6078033,7,1,99,3,1,1,99,99,99,99,99,99,14805,13020,1023.58
2,15,462,4,10.61191,7,1,99,5,1,1,99,5,3,3,1,3,1314,21115,2038
8,64,3078,10,17.642712,8,1,99,12,1,1,99,99,8,7,99,7,11280,22003,2273.98
42,52,6559,8,23.687885,8,1,99,18,1,4,99,99,12,12,12,12,5935,22221,1861.67
15,38,5288,7,22.702259,8,1,99,17,1,99,99,3,4,4,99,99,15719,22208,1878
16,67,5624,3,12.714579,7,1,99,7,1,0,99,2,99,99,7,4,16439,10004,1530.12
3,14,956,5,13.733059,10,1,99,8,1,3,99,8,5,3,99,4,2503,21217,3518
2,31,605,3,17.774128,10,1,99,12,1,6,6,6,99,6,99,6,1680,23101,2030
6,45,2084,3,14.784395,10,1,99,9,1,2,99,99,1,9,9,6,8573,21012,2980
6,4,1826,5,20.895277,7,1,99,15,1,1,3,99,3,3,12,4,7511,23037,2972
7,22,2555,4,20.895277,8,1,99,15,1,6,12,6,7,6,15,12,9784,26316,2998
16,68,5676,6,17.938398,8,1,99,12,1,2,99,3,99,5,12,6,16536,23112,1542
3,49,994,4,21.946613,8,1,99,16,1,6,99,99,6,7,99,7,2664,21118,3456
8,60,3015,7,18.036961,8,1,99,12,1,4,99,99,12,6,99,6,11148,22213,2270
3,14,901,4,8.0821352,7,1,99,2,1,1,99,99,99,99,99,99,2337,23206,3464
3,49,1046,4,21.092403,10,1,99,15,1,99,1,12,13,4,99,4,2975,23112,3452
8,60,3041,5,7.1622176,7,1,99,1,1,0,99,99,99,99,99,99,11161,21111,2266
5,17,1582,5,18.168379,7,1,99,12,1,8,99,99,99,12,99,12,6959,21017,2675.98
5,62,1778,6,13.207392,10,1,99,7,1,4,99,99,99,99,99,5,7452,21108,2681.98
8,37,2785,9,23.227926,8,1,99,17,1,3,99,99,6,6,99,6,10543,23115,2259.98
16,67,5623,6,8.2464066,10,1,99,2,1,2,99,99,99,99,99,99,16439,10004,1530.12
8,37,2917,4,12.25462,7,1,99,6,1,3,3,99,3,6,99,99,10820,21113,2260
14,11,5033,3,7.2607803,7,1,99,1,1,99,99,99,99,99,99,99,15217,10001,1171.54
16,3,5533,3,10.283367,7,1,99,4,0,3,99,99,99,99,99,99,16312,21111,1552
2,31,634,5,20.336756,10,1,99,14,1,3,99,4,6,7,99,6,1717,27125,2032
16,2,5425,5,18.365503,8,1,99,12,0,3,99,99,7,4,99,7,16131,22214,1550
14,81,5161,9,15.37577,8,1,99,9,1,6,9,6,6,6,9,5,15348,22013,1102
9,72,3170,3,11.433265,8,1,99,5,1,2,99,99,99,99,99,99,11490,25206,2258
41,21,5950,5,8.4763861,7,1,99,2,1,99,99,99,99,99,99,99,4707,27125,3797.4099
3,14,845,8,7.4907598,7,1,99,1,1,1,99,99,99,99,99,99,2212,22318,3464
8,37,2851,4,6.5051336,7,1,99,0,1,99,99,99,99,99,99,99,10696,21007,2253.98
41,34,6068,10,12.550308,7,1,99,6,1,6,99,99,99,99,99,5,4955,21309,3558
5,41,1697,4,18.694046,8,1,99,12,1,4,99,99,99,4,12,4,7295,23206,2676
1,29,87,8,14.718685,10,1,99,8,1,4,99,3,99,4,99,3,306,22113,2637.98
14,27,5083,6,8.7720737,7,1,99,2,1,1,99,99,99,99,99,99,15290,22009,1098
11,24,3777,4,16.85421,10,1,99,10,1,2,99,99,6,6,99,6,13012,21209,2384
13,76,4901,5,18.858316,7,1,99,12,1,12,12,12,12,6,99,6,15050,11016,1864.14
12,65,4196,6,22.866529,8,1,99,16,1,5,99,99,99,5,99,4,13848,22101,2170
1,55,307,5,6.8665295,7,1,99,0,1,99,99,99,99,99,99,99,840,26325,2636
6,19,1920,9,6.8665295,6,1,99,0,1,99,99,99,99,99,99,99,7912,22104,2968
13,76,4883,4,8.9034901,7,1,99,2,1,99,99,99,99,99,99,99,15038,11027,2709.02
7,46,2679,10,11.039015,7,1,99,4,1,99,99,4,99,4,99,4,10019,22216,3002
8,48,2961,8,19.055441,8,1,99,12,1,99,99,99,99,99,99,99,10956,21226,2263.98
16,67,5593,6,19.154003,8,1,99,12,1,3,99,99,12,12,12,12,16411,23109,1550
8,37,2833,5,19.186859,8,1,99,12,1,3,99,3,99,3,99,3,10620,23216,2263.98
3,54,1115,4,7.1950722,7,1,99,0,1,88,88,88,88,88,88,88,3099,25136,3462
3,14,834,4,7.2936344,7,1,99,0,1,99,99,99,99,99,99,99,2190,22106,3456
3,14,867,5,7.326489,7,1,99,0,1,0,99,99,99,99,99,99,2259,23401,3462
13,74,4480,3,11.433265,7,1,99,4,1,3,99,99,99,99,99,99,14578,12038,5754.5801
11,23,3637,5,14.455853,10,1,99,7,1,99,99,7,99,99,99,99,12854,22305,2394
6,19,1918,7,22.537987,8,1,99,15,1,12,99,12,99,12,99,99,7912,22104,2968
41,58,6309,4,8.6078033,7,1,99,1,1,99,99,99,99,99,99,99,5571,12009,1281.62
13,74,4416,6,13.634497,7,1,99,6,1,2,99,99,99,99,99,4,14536,12024,4406.5898
13,74,4485,3,14.652978,10,1,99,7,1,99,99,99,99,99,99,99,14589,26002,3390
13,76,4877,3,13.667351,7,1,99,6,1,2,6,99,6,4,99,99,15033,11006,8129.2798
41,34,6077,4,13.733059,10,1,99,6,1,3,99,5,5,5,99,3,4971,24326,3576
7,22,2485,5,19.74538,10,1,99,12,0,3,99,99,3,3,99,3,9588,23124,2999.98
14,11,5043,5,19.876797,7,1,99,12,1,6,99,9,9,9,99,9,15218,21207,1096
42,53,6635,5,8.9034901,7,1,99,1,1,0,99,99,99,99,99,99,6103,21205,1766
7,22,2392,9,19.909651,8,1,99,12,1,4,99,99,12,4,12,4,9409,26232,2999.98
8,60,3000,6,9.9548254,8,1,99,2,1,99,99,99,99,99,99,99,11112,21205,2250
6,30,1965,3,22.965092,8,1,99,15,1,1,99,99,6,6,99,6,8271,21023,2982
2,31,709,6,15.967146,10,1,99,8,0,5,99,8,7,8,99,4,1852,21013,2032
1,55,301,3,8.9691992,7,1,99,1,1,99,99,99,99,99,99,99,840,26325,2636
1,55,293,5,20.993839,8,1,99,13,1,6,0,13,8,8,8,8,851,25230,2629.98
13,74,4417,9,13.010267,7,1,99,5,1,99,99,99,99,99,99,99,14536,12024,4406.5898
5,41,1682,5,11.039015,7,1,99,3,1,99,99,3,99,99,99,99,7202,22122,2676
12,47,3956,5,20.041069,8,1,99,12,1,8,99,99,99,4,99,8,13468,23304,2168
1,55,300,5,9.2320328,7,1,99,1,0,0,0,99,99,99,99,99,840,26325,2636
1,33,142,8,22.308008,8,1,99,14,1,2,99,2,6,4,12,4,450,23216,2624
9,73,3205,5,11.334702,7,1,99,3,1,2,99,99,99,99,99,99,11538,24220,2380.4299
7,22,2414,6,22.373718,10,1,99,14,1,1,12,4,12,6,99,4,9425,26134,2992
12,65,4191,3,8.443532,6,1,99,0,1,99,99,99,99,99,99,99,13851,21105,2170
1,55,317,12,20.468174,8,1,99,12,1,0,0,8,99,12,99,99,947,23214,2635.98
5,5,1404,3,23.490759,8,1,99,15,0,4,6,99,6,7,99,7,6392,23216,2678
3,14,912,7,20.501026,8,1,99,12,1,3,99,99,8,6,8,6,2390,23120,3452
15,36,5216,10,8.5420952,7,1,99,0,1,99,99,99,99,99,99,99,15487,21125,1881.98
6,6,1848,5,23.556469,8,1,99,15,1,4,99,8,8,5,99,8,7642,21015,2982
10,13,3353,7,16.591375,8,1,99,8,1,1,99,99,99,5,99,6,12065,25102,2369.98
13,75,4740,4,13.667351,10,1,99,5,1,0,1,99,5,5,99,99,14837,13049,2080.5
13,75,4651,6,20.731007,8,1,99,12,1,2,99,99,6,6,99,4,14764,25016,3385.98
12,65,4177,4,14.75154,8,1,99,6,1,3,99,3,99,4,99,6,13823,22221,2168
10,13,3397,3,16.755646,8,1,99,8,1,2,6,4,99,3,99,2,12165,23103,2383.98
3,69,1283,4,8.8049278,10,1,99,0,1,99,99,99,99,99,99,99,3627,23137,3458
13,75,4753,9,8.8377819,7,1,99,0,1,99,99,99,99,99,99,99,14845,13040,1503.88
6,30,1924,11,10.874743,6,1,99,2,1,0,99,99,99,99,99,99,8132,21222,2980
16,3,5487,4,15.934292,10,1,99,7,0,0,2,0,5,2,7,2,16218,21215,1556
3,54,1127,6,23.950718,7,1,99,15,1,0,99,8,4,12,14,5,3108,22221,3456
13,75,4808,6,9.9548254,10,1,99,1,1,99,99,99,99,99,99,99,14870,22007,3388
5,20,1662,3,20.993839,10,1,99,12,1,4,99,99,12,5,99,12,7177,22015,2680
9,72,3126,5,15.014374,10,1,99,6,1,2,99,3,99,3,99,6,11334,25116,2250
15,66,5347,9,9.0349073,7,1,99,0,0,99,99,99,99,99,99,99,15842,22120,1878
41,10,5809,9,9.1006155,7,1,99,0,1,99,99,99,99,99,99,99,4128,24138,3560
12,63,4091,6,18.135525,8,1,99,9,1,0,99,99,99,4,99,5,13681,22004,2172
3,54,1158,4,11.170431,7,1,99,2,1,1,99,99,99,99,99,99,3311,23108,3458
12,65,4197,6,19.186859,10,1,99,10,1,2,99,6,99,6,99,6,13848,22101,2170
15,36,5198,7,13.207392,10,1,99,4,0,0,99,99,99,99,99,99,15416,23217,1861.98
7,46,2635,10,21.289528,10,1,99,12,1,5,99,5,3,3,99,3,9984,22126,3302
3,54,1107,6,9.330595,7,1,99,0,1,99,99,99,99,99,99,99,3090,21233,3446
1,55,187,3,18.332649,8,1,99,9,1,4,99,99,5,4,4,4,596,25108,2636
6,45,2169,5,10.349076,7,1,99,1,1,1,99,99,99,99,99,99,8757,23323,2978
11,25,3870,4,12.353184,8,1,99,3,1,1,99,99,3,99,99,99,13267,21217,2387.98
41,21,5904,4,9.3634491,7,1,99,0,1,99,99,99,99,99,99,99,4535,21112,3564
5,62,1769,5,10.381929,10,1,99,1,1,99,99,99,99,99,99,99,7443,21206,2674
5,17,1593,7,11.400411,7,1,99,2,1,99,99,99,99,99,99,99,6959,21017,2675.98
42,53,6607,5,9.4291582,7,1,99,0,0,99,99,99,99,99,99,99,6096,21105,1766
1,55,381,9,11.531827,7,1,99,2,1,99,99,99,99,99,99,99,1105,24320,2642
13,74,4468,7,15.572895,10,1,99,6,1,4,99,6,6,6,99,6,14561,12043,1049.4399
9,73,3204,3,23.589323,8,1,99,14,1,4,99,99,99,99,99,5,11538,24220,2380.4299
16,3,5555,6,13.601643,7,1,99,4,1,3,99,99,99,99,99,99,16327,10008,2115.1201
5,5,1429,6,17.609856,10,1,99,8,1,1,99,3,5,4,99,4,6537,21311,2675.8
12,80,4249,10,19.613964,8,1,99,10,1,6,10,6,10,6,10,6,14020,21209,2166
15,38,5252,4,21.618069,8,1,99,12,1,6,7,99,7,7,99,8,15676,23116,1876
41,21,5853,7,15.638603,8,1,99,6,1,3,6,6,99,6,6,99,4364,11011,3824.3201
9,83,3292,4,21.683779,8,1,99,12,1,8,99,99,5,6,99,12,11876,22105,2448.49
13,39,4341,9,9.8562622,7,1,99,0,1,99,99,99,99,99,99,99,14421,23113,3392
5,17,1494,8,21.880903,8,1,99,12,0,5,7,99,12,5,99,3,6684,21220,2674
41,21,5862,7,12.911705,7,1,99,3,1,0,99,99,99,99,99,99,4381,22204,3568
2,31,589,6,19.942505,7,1,99,10,1,6,99,6,99,6,99,6,1560,21219,2040
42,52,6489,3,22.997948,8,1,99,13,1,3,99,99,99,3,99,3,5834,23313,1876.51
14,1,4933,9,22.01232,10,1,99,12,1,6,7,6,99,5,99,6,15078,22213,1183.49
3,14,910,6,10.020535,7,1,99,0,1,99,99,99,99,99,99,99,2368,21108,3454
9,72,3106,4,14.028748,10,1,99,4,1,1,99,99,4,4,99,99,11327,21103,2258
3,54,1084,4,22.045174,8,1,99,12,1,2,99,99,6,3,99,6,3055,22008,3454
8,60,3039,5,12.057495,7,1,99,2,1,0,99,99,99,99,99,99,11161,21111,2266
16,2,5406,5,12.057495,7,1,99,2,1,2,99,99,99,99,99,99,16086,22120,1552
1,55,352,6,17.08419,10,1,99,7,1,6,99,6,99,99,99,7,1074,24121,2640
10,13,3374,5,15.112936,10,1,99,5,1,3,99,99,99,99,99,99,12122,23224,2378
10,43,3609,7,13.141684,7,1,99,3,1,0,99,99,3,99,99,99,12739,21216,2379.98
41,21,5894,5,16.16427,7,1,99,6,1,0,99,99,2,3,99,99,4502,23109,3572
6,45,2088,3,10.184805,7,1,99,0,1,99,99,99,99,99,99,99,8577,10002,2416.8
41,56,6172,7,15.211498,7,1,99,5,1,99,99,99,99,3,99,3,5268,21112,3780.1001
42,40,6406,3,19.252567,8,1,99,9,1,2,99,7,99,6,7,6,5675,21003,1767.98
7,22,2575,5,17.281315,8,1,99,7,1,1,99,99,99,1,99,99,9813,24305,2999.98
8,48,2924,12,10.283367,7,1,99,0,1,99,99,99,99,99,99,99,10899,21126,2256
7,22,2417,4,18.299795,10,1,99,8,1,3,3,99,6,3,99,3,9497,10005,2292.1799
12,63,4089,5,18.332649,8,1,99,8,1,1,99,99,99,6,99,5,13681,22004,2172
41,10,5781,5,10.381929,7,1,99,0,1,99,99,99,99,99,99,99,4116,22326,3574
12,47,3949,6,10.414784,10,1,99,0,0,99,99,99,99,99,99,99,13457,21301,2162
10,35,3471,4,12.418891,7,1,99,2,1,99,99,99,99,99,99,99,12264,21001,2383.98
11,25,3867,8,22.439425,8,1,99,12,0,1,99,99,4,4,99,4,13267,21217,2387.98
3,14,845,7,22.472279,10,1,99,12,1,5,99,4,8,7,99,4,2212,22318,3464
41,34,6101,3,11.531827,7,1,99,1,1,99,99,99,99,99,99,99,5068,23113,3558
6,4,1842,5,10.546202,10,1,99,0,1,0,99,99,99,99,99,99,7570,22019,2962
13,39,4321,8,12.550308,7,1,99,2,1,99,99,99,99,99,99,99,14120,13015,2498.1799
10,43,3570,9,16.591375,10,1,99,6,0,5,99,5,99,5,99,6,12634,23104,2372
6,19,1880,5,22.636551,7,1,99,12,1,8,9,12,9,4,99,6,7793,21206,2974
13,74,4373,7,10.677618,7,1,99,0,1,0,99,99,99,99,99,99,14508,12021,3007.98
3,49,1041,5,16.689939,10,1,99,6,1,4,99,99,4,4,99,4,2965,22210,3456
7,22,2531,4,10.710472,7,1,99,0,1,99,99,99,99,99,99,99,9714,22013,2994
8,37,2905,7,22.735113,7,1,99,12,1,2,99,99,4,2,99,2,10837,22104,2252
10,13,3377,5,22.735113,8,1,99,12,1,6,99,6,8,6,99,6,12122,23224,2378
11,23,3645,7,17.741274,8,1,99,7,1,3,99,3,99,4,99,4,12847,23505,2389.98
7,22,2511,6,22.767967,7,1,99,12,1,1,99,99,3,4,0,4,9678,21104,3000
12,47,3972,5,23.786448,8,1,99,13,1,5,12,99,6,6,9,7,13488,22207,2170
3,8,802,3,10.809034,7,1,99,0,1,0,99,99,99,99,99,99,2119,21115,3460
10,13,3336,7,16.821356,10,1,99,6,1,6,99,5,6,4,99,4,12032,21205,2382
6,30,1949,8,11.827516,10,1,99,1,1,99,99,99,99,99,99,99,8153,23227,2976
6,30,1971,3,12.878851,10,1,99,2,1,0,99,99,99,99,99,99,8214,22004,2978
16,67,5571,6,22.965092,8,1,99,12,1,5,5,99,5,5,12,5,16359,22119,1556
5,5,1418,3,11.991787,7,1,99,1,1,1,99,99,99,99,99,99,6445,22126,2677.8
15,66,5337,15,11.991787,7,1,99,1,1,99,99,99,99,99,99,99,15832,10002,855.67999
13,74,4390,8,13.010267,10,1,99,2,1,99,99,99,99,99,99,99,14514,21012,3390
6,30,2060,7,11.071869,7,1,99,0,1,99,99,99,99,99,99,99,8493,21133,2978
7,12,2304,14,12.090349,7,1,99,1,0,99,99,99,99,99,99,99,9181,21140,3001.98
10,35,3448,8,14.094456,10,1,99,3,1,3,99,99,3,99,99,99,12255,23002,2378
9,83,3311,7,11.236139,7,1,99,0,1,99,99,99,99,99,99,99,11936,21220,2450.6499
8,60,2982,7,11.268993,7,1,99,0,1,99,99,99,99,99,99,99,11029,22132,2264
3,14,972,4,12.287474,10,1,99,1,1,99,99,99,99,99,99,99,2588,24204,3456
13,39,4359,3,12.287474,7,1,99,1,1,1,99,99,99,99,99,99,14438,25117,3385.98
15,38,5263,12,13.338808,10,1,99,2,1,1,99,99,99,99,1,99,15676,23116,1876
8,60,2983,4,20.36961,8,1,99,9,1,99,99,99,99,99,99,99,11029,22132,2264
8,60,2979,4,11.433265,10,1,99,0,1,99,99,99,99,99,99,99,11029,22132,2264
5,17,1560,6,13.601643,10,1,99,2,1,1,99,99,99,99,99,99,6879,25227,2678
10,43,3565,9,17.609856,8,1,99,6,1,5,99,6,6,6,99,6,12634,23104,2372
8,48,2942,6,18.66119,8,1,99,7,1,2,99,7,7,7,99,5,10951,22109,2265.98
41,34,6068,13,20.698153,7,1,99,9,1,9,99,99,99,99,99,9,4955,21309,3558
3,14,936,4,23.720739,8,1,99,12,1,6,99,6,6,7,99,6,2464,24332,3452
11,23,3653,11,13.765913,7,1,99,2,1,99,99,99,99,99,99,99,12879,11002,1906.5
41,34,6021,3,12.780287,10,1,99,1,1,0,99,99,99,99,99,99,4823,11003,3130.96
5,17,1555,7,23.819302,8,1,99,12,1,4,99,6,12,6,99,4,6852,25326,2679.98
16,3,5554,5,11.958932,7,1,99,0,1,0,99,99,99,99,99,99,16327,10008,2115.1201
41,58,6325,9,11.991787,7,1,99,0,1,99,99,99,99,99,99,99,5571,12009,1961.78
13,74,4466,3,11.991787,7,1,99,0,1,99,99,99,99,99,99,99,14561,12043,1049.4399
6,45,2165,8,20.993839,10,1,99,9,1,3,0,99,7,6,99,9,8731,24416,2978
42,53,6642,3,22.045174,8,1,99,10,1,6,99,8,9,99,99,6,6130,24214,1765.98
12,47,4018,4,15.047228,10,1,99,3,1,2,99,2,99,2,99,99,13633,10017,1830.91
8,37,2857,6,14.258728,8,1,99,2,1,99,99,99,99,99,99,99,10726,22016,2260
7,46,2653,5,15.310062,10,1,99,3,1,2,99,99,99,99,99,99,9992,21213,3004
7,22,2586,7,12.353184,7,1,99,0,1,99,99,99,99,99,99,99,9827,24110,3001.98
13,39,4332,8,12.386036,7,1,99,0,1,99,99,99,99,99,99,99,14323,22126,3382
2,31,642,4,21.38809,8,1,99,9,0,4,99,9,99,99,99,9,1717,27125,2032
8,37,2893,5,12.451746,7,1,99,0,1,99,99,99,99,99,99,99,10824,21203,2249.98
13,75,4743,4,14.521561,10,1,99,2,1,0,99,99,99,99,99,99,14838,21006,3388
9,73,3280,4,15.77002,10,1,99,3,0,1,99,99,99,99,99,99,11768,10001,1290.62
11,24,3753,5,15.802875,7,1,99,3,1,99,99,99,99,99,99,99,13003,23617,2391.98
41,56,6187,6,21.913757,7,1,99,9,1,0,99,99,5,6,99,5,5305,21008,3775.8601
9,83,3302,8,18.004107,10,1,99,5,1,5,99,99,99,99,5,99,11897,22305,2441.99
8,60,3030,12,16.16427,7,1,99,3,1,99,99,99,99,99,99,99,11158,23211,2265.98
2,31,614,4,17.281315,10,1,99,4,1,4,0,99,4,99,99,4,1689,22105,2024
9,73,3236,6,20.303902,10,1,99,7,1,1,99,6,99,7,99,6,11646,22203,2382.53
41,58,6260,3,13.305956,7,1,99,0,0,99,99,99,99,99,99,99,5540,12020,3273.3799
6,45,2068,5,17.314169,7,1,99,4,1,4,99,4,99,4,99,99,8546,22007,2974
13,39,4340,5,13.404518,10,1,99,0,1,99,99,99,99,99,99,99,14421,23113,3392
5,17,1531,6,19.416838,10,1,99,6,1,3,6,99,6,6,99,6,6836,22110,2684
16,2,5443,4,17.511293,10,1,99,4,1,2,99,1,99,4,99,99,16141,21103,1550
41,58,6231,5,18.56263,7,1,99,5,1,3,1,1,5,3,99,3,5654,21112,3562
41,58,6233,4,14.620123,7,1,99,1,1,99,99,99,99,99,99,99,5654,21112,3562
16,67,5620,8,18.628336,10,1,99,5,1,3,99,99,99,99,99,99,16439,10004,1530.12
41,10,5723,5,21.716633,10,1,99,8,1,3,99,8,5,5,99,99,3952,23329,3562
1,55,363,8,14.882957,10,1,99,1,1,0,99,99,99,99,99,99,1091,24215,2634
9,73,3184,4,22.110882,10,1,99,8,1,6,99,6,6,6,99,6,11518,24117,2386.74
13,74,4374,15,17.182751,7,1,99,3,1,1,99,99,99,99,99,99,14508,12021,3007.98
5,5,1389,6,18.201231,10,1,99,4,1,1,0,99,4,99,99,99,6338,22201,2670
41,56,6214,3,15.310062,10,1,99,1,1,99,99,99,99,99,1,99,5370,25202,3773.74
12,63,4126,8,16.328541,8,1,99,2,1,99,99,99,99,99,99,99,13713,22220,2164
1,55,281,5,14.455853,7,1,99,0,0,99,99,99,99,99,99,99,828,22120,2620
41,21,5838,6,22.505135,7,1,99,8,1,0,99,8,4,4,99,4,4306,24220,3570
3,54,1153,4,17.609856,7,1,99,3,1,0,99,99,99,99,99,99,3311,23108,3458
7,22,2526,4,16.624229,7,1,99,2,1,0,99,99,99,99,99,99,9680,10002,2647.6599
13,76,4903,7,15.671457,7,1,99,1,1,99,99,99,99,99,99,99,15050,11016,1864.14
41,21,5862,10,14.685831,7,1,99,0,0,0,99,99,99,99,99,99,4381,22204,3568
42,59,6685,3,14.718685,7,1,99,0,1,99,99,99,99,99,99,99,6232,22204,1765.98
13,75,4665,3,15.868584,10,1,99,1,1,0,99,99,99,99,99,99,14805,13020,1023.58
8,60,3013,12,15.934292,7,1,99,1,1,99,99,99,99,99,99,99,11148,22213,2270
41,34,6013,3,15.047228,7,1,99,0,1,0,99,99,99,99,99,99,4823,11003,3130.96
12,47,3992,4,16.065708,7,1,99,1,1,99,99,99,99,99,99,99,13566,23225,2176
5,41,1689,4,23.096508,10,1,99,8,1,99,99,8,5,99,99,99,7282,21210,2682
6,30,1989,3,15.178645,7,1,99,0,1,99,99,99,99,99,99,99,8311,22211,2980
13,74,4367,4,15.178645,10,1,99,0,1,99,99,99,99,99,99,99,14493,12054,8044.0801
6,45,2138,5,16.197124,7,1,99,1,1,99,99,99,99,99,99,99,8662,24122,2978
3,14,889,4,16.262835,10,1,99,1,1,1,99,99,99,99,99,99,2317,21413,3452
13,75,4769,3,17.347023,7,1,99,2,1,2,99,99,1,99,99,99,14849,13045,3079.0801
41,34,6097,3,16.394251,7,1,99,1,1,1,99,0,99,99,99,99,5043,22219,3566
13,74,4525,10,15.441479,10,1,99,0,1,99,99,99,99,99,99,99,14630,12033,1929.4
41,58,6309,3,21.486652,10,1,99,6,1,99,99,6,99,5,99,3,5571,12009,1281.62
13,74,4374,7,18.529774,7,1,99,3,1,1,99,99,2,99,99,99,14508,12021,3007.98
3,71,1318,4,16.558521,7,1,99,1,1,0,0,99,99,99,99,99,3694,21009,3452
42,52,6526,4,15.638603,10,1,99,0,1,0,99,99,99,99,99,99,5871,21206,1874.4
14,1,4917,3,16,7,1,99,0,1,99,99,99,99,99,99,99,15061,21107,1185.61
3,54,1204,6,16,7,1,99,0,1,99,99,99,99,99,99,99,3365,24211,3448
2,15,518,6,23.063654,8,1,99,7,1,3,99,99,7,6,99,6,1435,24122,2032
16,68,5644,6,20.172485,7,1,99,4,1,1,4,4,4,4,99,4,16489,22109,1548
3,14,940,12,19.219713,10,1,99,3,1,1,99,2,99,99,99,99,2464,24332,3452
1,55,368,8,16.22998,10,1,99,0,0,0,99,99,99,99,99,99,1091,24215,2634
16,2,5463,5,17.379875,7,1,99,1,1,99,99,99,99,99,99,99,16199,21107,1550
11,24,3754,4,17.445585,7,1,99,1,0,99,99,99,99,99,99,99,13003,23617,2391.98
9,72,3176,5,17.478439,8,1,99,1,1,99,99,99,99,99,99,99,11490,25206,2258
11,24,3810,7,23.523613,10,1,99,7,1,2,99,5,99,4,99,4,13067,12013,4403.7402
11,23,3624,3,22.570843,10,1,99,6,1,0,99,99,99,6,99,4,12864,21101,2379.98
7,22,2491,7,17.577002,10,1,99,1,1,1,99,99,99,99,99,99,9638,21302,2991.98
7,22,2502,4,16.788502,8,1,99,0,1,99,99,99,99,99,99,99,9665,22304,3007.98
12,80,4229,4,22.833675,7,1,99,6,1,4,99,6,99,6,99,99,13995,22108,2174
13,74,4574,4,19.055441,10,1,99,2,1,0,99,99,99,0,99,99,14666,12066,936.62
13,39,4301,8,17.08419,7,1,99,0,1,99,99,99,99,99,99,99,14185,25215,3382
9,83,3321,5,20.139629,8,1,99,3,1,2,0,99,99,99,99,3,11940,21120,2448.49
7,12,2343,7,18.332649,7,1,99,1,1,0,1,99,99,99,99,99,9267,24222,3005.98
3,71,1335,6,17.379875,10,1,99,0,1,99,99,99,99,99,99,99,3705,23038,3456
8,37,2906,5,20.435318,8,1,99,3,1,99,99,99,99,99,99,99,10837,22104,2252
13,39,4347,3,17.445585,7,1,99,0,1,99,99,99,99,99,99,99,14429,13054,2203.8799
13,75,4809,4,23.523613,7,1,99,6,1,0,99,99,3,3,99,3,14874,21004,3384
1,29,73,6,17.675564,7,1,99,0,1,99,99,99,99,99,99,99,292,22224,2644
7,22,2585,7,17.675564,7,1,99,0,1,99,99,99,99,99,99,99,9827,24110,3001.98
16,68,5695,4,21.683779,10,1,99,4,1,3,0,4,99,3,99,3,16578,23305,1550.52
11,23,3650,3,18.792608,7,1,99,1,1,99,99,99,99,99,99,99,12879,11002,1906.5
10,43,3553,11,21.848049,7,1,99,4,1,1,99,99,99,99,99,99,12602,22005,2377.98
10,13,3333,4,18.956879,10,1,99,1,1,99,99,99,99,99,99,99,12032,21205,2382
3,14,860,4,18.036961,7,1,99,0,1,0,99,99,99,99,99,99,2215,21109,3496
11,23,3636,7,18.266941,8,1,99,0,1,99,99,99,99,99,99,99,12854,22305,2394
41,58,6236,5,20.271048,10,1,99,2,1,0,99,99,99,99,99,99,5654,21112,3562
15,36,5215,6,20.36961,10,1,99,2,1,99,99,99,99,99,99,99,15487,21125,1881.98
3,69,1288,5,19.5154,8,1,99,1,0,99,99,99,99,99,99,99,3638,23215,3454
10,18,3433,3,23.655031,7,1,99,5,1,2,99,99,99,99,99,99,12213,21007,2383.98
41,58,6279,4,20.698153,10,1,99,2,0,0,99,99,99,99,99,99,5563,21210,3566
11,24,3768,5,21.716633,10,1,99,3,1,1,99,99,99,99,99,99,13008,22408,2388
13,39,4336,5,21.880903,8,1,99,3,1,1,99,99,99,3,99,3,14339,26205,3395.98
3,14,920,9,21.092403,10,1,99,2,1,99,99,99,99,99,99,99,2407,23311,3466
8,48,2926,4,19.219713,7,1,99,0,1,0,99,99,99,99,99,99,10899,21126,2256
13,74,4427,9,20.336756,8,1,99,1,1,99,99,99,99,99,99,99,14540,12012,5144.0698
6,45,2175,3,19.482546,10,1,99,0,1,0,99,99,99,99,99,99,8757,23323,2978
11,24,3721,5,22.833675,7,1,99,3,1,99,99,99,99,99,99,99,12981,12016,2114.6201
7,22,2498,5,19.843943,7,1,99,0,1,99,99,99,99,99,99,99,9638,21302,2991.98
13,75,4645,4,19.909651,10,1,99,0,1,99,99,99,99,99,99,99,14694,24003,3381.98
5,5,1356,5,22.965092,10,1,99,3,1,1,99,3,99,2,3,3,6272,23314,2683.98
1,55,307,4,22.045174,10,1,99,2,1,1,99,99,99,99,99,99,840,26325,2636
15,38,5258,6,22.143738,10,1,99,2,1,99,99,99,99,99,99,99,15676,23116,1876
3,54,1106,6,21.158112,6,1,99,1,1,1,99,99,99,99,99,99,3090,21233,3446
8,37,2895,3,21.38809,7,1,99,1,1,99,99,99,99,99,99,99,10824,21203,2249.98
7,22,2412,5,21.486652,10,1,99,1,1,99,0,99,99,99,0,99,9425,26134,2992
1,29,108,7,20.566734,7,1,99,0,1,99,99,99,99,99,99,99,352,21108,2637.98
13,75,4629,5,20.59959,10,1,99,0,1,99,99,99,99,99,99,99,14727,22003,3385.98
6,30,2041,4,23.622177,8,1,99,3,1,3,99,99,99,99,99,99,8390,21340,2978
41,34,6019,4,23.655031,10,1,99,3,1,2,2,99,99,99,99,99,4823,11003,3130.96
1,55,363,5,20.698153,10,1,99,0,0,0,99,99,99,99,99,99,1091,24215,2634
1,55,369,3,20.731007,7,1,99,0,1,0,99,0,99,99,99,99,1091,24215,2634
10,43,3563,5,23.852158,7,1,99,3,1,1,99,99,99,99,99,99,12589,10003,4952.2798
3,14,945,5,20.862423,10,1,99,0,1,99,99,99,99,99,99,99,2503,21217,3518
3,71,1307,3,23.917864,8,1,99,3,1,1,99,99,99,99,99,99,3664,21038,3454
41,21,5904,3,21.059547,7,1,99,0,1,99,99,99,99,99,99,99,4535,21112,3564
3,49,1025,3,23.227926,8,1,99,2,1,99,99,99,99,99,99,99,2791,26143,3462
41,21,5893,4,21.355236,10,1,99,0,1,0,0,99,99,99,99,99,4502,23109,3572
8,37,2886,7,22.439425,8,1,99,1,1,99,99,99,99,99,99,99,10770,24203,2258
3,69,1228,5,21.552362,10,1,99,0,1,0,99,99,99,99,99,99,3411,10007,4503.52
3,54,1206,7,22.570843,7,1,99,1,1,0,99,99,99,99,99,99,3365,24211,3448
5,17,1551,12,22.735113,10,1,99,1,1,99,99,99,99,99,99,99,6852,25326,2679.98
3,8,788,5,22.045174,10,1,99,0,1,0,99,99,99,99,99,99,2072,21236,3458
13,76,4861,4,22.505135,7,1,99,0,1,99,99,99,99,99,99,99,14952,22015,3386
42,53,6634,4,23.589323,8,1,99,1,1,99,99,99,99,99,99,99,6103,21205,1766
41,58,6300,8,23.589323,7,1,99,1,1,99,99,99,99,99,99,99,5570,12006,2931.8201
13,75,4790,3,23.917864,10,1,99,1,1,1,99,99,99,99,99,99,14861,13026,1360.14
1,33,143,6,22.932238,7,1,99,0,1,0,99,99,99,99,99,99,450,23216,2624
6,45,2205,10,23.030802,8,1,99,0,1,99,99,99,99,99,99,99,8789,23217,2974
3,49,988,4,23.490759,10,1,99,0,1,99,99,99,99,99,99,99,2675,24205,3454
1,55,384,6,23.720739,8,1,99,0,1,99,99,99,99,99,99,99,1162,22202,2640
13,39,4341,8,23.786448,10,1,99,0,1,99,99,99,99,99,99,99,14421,23113,3392
